Entry,Organism,Length,Creation date,Mass,PDB
A0A0B4J2F2,Human,783,2018-06-20,84930,
A4L9P5,Rat,1211,2007-07-24,130801,
A0A1D6E0S8,Maize,856,2023-05-03,93153,
A0A8I5ZNK2,Rat,528,2023-09-13,58360,
A1Z7T0,Fruit fly,1190,2012-01-25,131791,
A1Z9X0,Fruit fly,606,2014-10-01,69556,
A2CG49,Mouse,2964,2007-10-23,337000,1WFW;7UR2;
B0LT89,Rat,431,2011-10-19,47990,
B2DD29,Rat,778,2011-09-21,85183,
B2GUY1,Rat,924,2009-09-22,103770,
B5DFG1,Rat,580,2020-02-26,63219,
D3ZBE5,Rat,302,2011-09-21,34529,
D3ZG83,Rat,940,2018-07-18,103060,
D3ZGQ5,Rat,698,2013-11-13,75254,
D3ZHP7,Rat,472,2010-11-02,53419,
D3ZMK9,Rat,1368,2018-07-18,147716,6EWX;
D3ZML2,Rat,735,2011-09-21,81455,
D3ZSZ3,Rat,527,2011-10-19,58313,
D4A280,Rat,718,2011-10-19,80949,
D4A7V9,Rat,1649,2016-02-17,186724,
D4AE59,Rat,436,2011-09-21,49246,
E1C2I2,Chicken,881,2011-05-03,97913,
E9PSL7,Rat,2055,2019-12-11,235310,
E9PT87,Rat,786,2012-10-03,85541,
F1LP90,Rat,1336,2011-10-19,150382,
F1M5M3,Rat,1443,2012-05-16,162407,
F1M7Y5,Rat,596,2011-12-14,68276,
F1N9Y5,Chicken,613,2012-01-25,69901,
G3V9H8,Rat,1115,2014-01-22,124237,
M9PGC5,Fruit fly,2462,2023-09-13,272850,
O00141,Human,431,1998-12-15,48942,2R5T;3HDM;3HDN;7PUE;
O00238,Human,502,2000-05-30,56930,3MDY;
O00311,Human,574,2001-01-11,63888,4F99;4F9A;4F9B;4F9C;5UWQ;5UWR;6YA6;6YA7;6YA8;
O00418,Human,725,1998-07-15,82144,5J8H;5KS5;6NX4;7SHQ;8FNY;8FO6;8GM4;8GM5;
O00444,Human,970,2004-08-16,108972,2N19;3COK;4JXF;4N7V;4N7Z;4N9J;4YUR;4YYP;5LHY;5LHZ;6N45;6N46;6W38;6W3I;6W3J;
O00506,Human,426,2000-12-01,48112,2XIK;3W8H;4NZW;7Z4V;
O08605,Mouse,427,2003-04-30,47915,
O08644,Mouse,1014,2000-05-30,110107,
O08648,Mouse,1597,2000-05-30,179834,
O08678,Rat,793,2005-04-12,88235,
O08679,Rat,722,2005-04-12,80872,1Y8G;1ZMU;1ZMV;1ZMW;2R0I;2WZJ;
O08680,Rat,984,1997-11-01,110228,
O08775,Rat,1343,2000-12-01,150394,
O08796,Mouse,724,1998-07-15,81739,
O08815,Rat,1206,2006-05-02,137888,
O08874,Rat,985,2000-05-30,112069,
O08875,Rat,433,2000-05-30,47681,
O08901,Mouse,1058,2000-05-30,119563,
O08911,Mouse,367,1998-07-15,42043,
O09110,Mouse,347,1997-11-01,39296,1LEZ;
O09127,Mouse,1004,1997-11-01,110705,
O14578,Human,2027,2000-05-30,231431,
O14730,Human,519,2004-12-07,59093,
O14733,Human,419,2000-05-30,47485,2DYL;3WZU;4UX9;5B2K;5B2L;5B2M;5Y8U;5Y90;5Z1D;5Z1E;6IB0;6IB2;6QFL;6QFR;6QFT;6QG4;6QG7;6QHO;6QHR;6YFZ;6YG0;6YG1;6YG2;6YG3;6YG4;6YG5;6YG6;6YG7;6YZ4;7CBX;7OVI;7OVJ;7OVK;7OVL;7OVM;7OVN;
O14757,Human,476,2000-05-30,54434,1IA8;1NVQ;1NVR;1NVS;1ZLT;1ZYS;2AYP;2BR1;2BRB;2BRG;2BRH;2BRM;2BRN;2BRO;2C3J;2C3K;2C3L;2CGU;2CGV;2CGW;2CGX;2E9N;2E9O;2E9P;2E9U;2E9V;2GDO;2GHG;2HOG;2HXL;2HXQ;2HY0;2QHM;2QHN;2R0U;2WMQ;2WMR;2WMS;2WMT;2WMU;2WMV;2WMW;2WMX;2X8D;2X8E;2X8I;2XEY;2XEZ;2XF0;2YDI;2YDJ;2YDK;2YER;2YEX;2YM3;2YM4;2YM5;2YM6;2YM7;2YM8;2YWP;3F9N;3JVR;3JVS;3NLB;3OT3;3OT8;3PA3;3PA4;3PA5;3TKH;3TKI;3U9N;4FSM;4FSN;4FSQ;4FSR;4FST;4FSU;4FSW;4FSY;4FSZ;4FT0;4FT3;4FT5;4FT7;4FT9;4FTA;4FTC;4FTI;4FTJ;4FTK;4FTL;4FTM;4FTN;4FTO;4FTQ;4FTR;4FTT;4FTU;4GH2;4HYH;4HYI;4JIK;4QYE;4QYF;4QYG;4QYH;4RVK;4RVL;4RVM;5DLS;5F4N;5OOP;5OOR;5OOT;5OP2;5OP4;5OP5;5OP7;5OPB;5OPR;5OPS;5OPU;5OPV;5OQ5;5OQ6;5OQ7;5OQ8;5WI2;6FC8;6FCF;6FCK;7AKM;7AKO;7BJD;7BJE;7BJH;7BJJ;7BJM;7BJO;7BJR;7BJX;7BK1;7BK2;7BK3;7BKN;7BKO;7MCK;7SUF;7SUG;7SUH;7SUI;7SUJ;8E80;8E81;
O14920,Human,756,2001-06-01,86564,3BRT;3BRV;4E3C;4KIK;
O14936,Human,926,1999-07-15,105123,1KGD;1KWA;1ZL8;3C0G;3C0H;3C0I;3MFR;3MFS;3MFT;3MFU;3TAC;6KMH;7OAI;7OAJ;7OAK;7OAL;
O14965,Human,403,2003-01-27,45823,1MQ4;1MUO;1OL5;1OL6;1OL7;2BMC;2C6D;2C6E;2DWB;2J4Z;2J50;2NP8;2W1C;2W1D;2W1E;2W1F;2W1G;2WQE;2WTV;2WTW;2X6D;2X6E;2X81;2XNE;2XNG;2XRU;3COH;3E5A;3EFW;3FDN;3H0Y;3H0Z;3H10;3HA6;3K5U;3LAU;3M11;3MYG;3NRM;3O50;3O51;3P9J;3QBN;3R21;3R22;3UNZ;3UO4;3UO5;3UO6;3UOD;3UOH;3UOJ;3UOK;3UOL;3UP2;3UP7;3VAP;3W10;3W16;3W18;3W2C;4B0G;4BN1;4BYI;4BYJ;4C3P;4C3R;4CEG;4DEA;4DEB;4DED;4DEE;4DHF;4J8M;4J8N;4JAI;4JAJ;4JBO;4JBP;4JBQ;4O0S;4O0U;4O0W;4PRJ;4UYN;4UZD;4UZH;4ZS0;4ZTQ;4ZTR;4ZTS;5AAD;5AAE;5AAF;5AAG;5DN3;5DNR;5DOS;5DPV;5DR2;5DR6;5DR9;5DRD;5DT0;5DT3;5DT4;5EW9;5G15;5G1X;5L8J;5L8K;5L8L;5LXM;5OBJ;5OBR;5ODT;5ONE;5ORL;5ORN;5ORO;5ORP;5ORR;5ORS;5ORT;5ORV;5ORW;5ORX;5ORY;5ORZ;5OS0;5OS1;5OS2;5OS3;5OS4;5OS5;5OS6;5OSD;5OSE;5OSF;5ZAN;6C2R;6C2T;6C83;6CPE;6CPF;6CPG;6GRA;6HJJ;6HJK;6I2U;6R49;6R4A;6R4B;6R4C;6R4D;6VPG;6VPH;6VPI;6VPJ;6VPL;6VPM;6XKA;6Z4Y;7AYH;7AYI;7FIC;7O2V;7ZTL;8GUW;8SSO;8SSP;
O14976,Human,1311,2001-08-29,143191,4C57;4C58;4C59;4O38;4Y8D;5Y7Z;5Y80;
O15021,Human,2623,2006-10-03,284097,2W7R;
O15075,Human,740,2000-05-30,82224,1MFW;1MG4;1UF0;5JZJ;5JZN;6KYQ;6KYR;7F3G;7KX6;7KX8;7KXW;
O15111,Human,745,2001-06-01,84640,3BRT;5EBZ;5TQW;5TQX;5TQY;
O15146,Human,869,2004-07-19,97056,8S9P;
O15197,Human,1021,2000-05-30,110700,7K7J;
O15264,Human,365,2000-05-30,42090,3COI;4EYJ;4EYM;4MYG;4YNO;5EKN;5EKO;
O15530,Human,556,2001-10-18,63152,1H1W;1OKY;1OKZ;1UU3;1UU7;1UU8;1UU9;1UVR;1W1D;1W1G;1W1H;1Z5M;2BIY;2PE0;2PE1;2PE2;2R7B;2VKI;2XCH;2XCK;3H9O;3HRC;3HRF;3ION;3IOP;3NAX;3NAY;3NUN;3NUS;3NUU;3NUY;3ORX;3ORZ;3OTU;3PWY;3QC4;3QCQ;3QCS;3QCX;3QCY;3QD0;3QD3;3QD4;3RCJ;3RWP;3RWQ;3SC1;4A06;4A07;4AW0;4AW1;4CT1;4CT2;4RQK;4RQV;4RRV;4XX9;5ACK;5HKM;5HNG;5HO7;5HO8;5LVL;5LVM;5LVN;5LVO;5LVP;5MRD;6WJQ;8DQT;
O19111,Rabbit,591,1998-07-15,67095,
O24585,Maize,901,1998-12-15,97439,
O35099,Mouse,1380,2000-05-30,154512,
O35280,Mouse,476,2000-05-30,54381,
O35346,Rat,1055,1998-07-15,119717,
O35491,Mouse,499,1998-12-15,59987,
O35492,Mouse,638,1998-12-15,73798,
O35493,Mouse,481,1998-12-15,57345,
O35495,Mouse,469,2002-08-30,52996,
O35607,Mouse,1038,2000-12-01,115020,
O35831,Rat,523,1999-07-15,59432,
O35942,Mouse,443,2000-12-01,51243,
O42422,Chicken,993,2000-05-30,111367,
O43187,Human,625,2001-01-11,69433,3MOP;
O43283,Human,966,2005-06-21,108296,
O43293,Human,454,2003-11-28,52536,1YRP;2J90;3BHY;3BQR;5A6N;5A6O;5VJA;
O43318,Human,606,2000-12-01,67196,2EVA;2YIY;4GS6;4L3P;4L52;4L53;4O91;5E7R;5GJD;5GJF;5GJG;5J7S;5J8I;5J9L;5JGA;5JGB;5JGD;5JH6;5JK3;5V5N;7NTH;7NTI;8GW3;
O43353,Human,540,2002-05-02,61195,2N7Z;2N83;4C8B;5AR2;5AR3;5AR4;5AR5;5AR7;5AR8;5J79;5J7B;5NG0;5NG2;5NG3;5W5J;5W5O;5YRN;6ES0;6FU5;6GFJ;6GGS;6HMX;6RN8;6RNA;6S1F;6SZE;6SZJ;6UL8;7OBS;7OBT;8AZA;
O43683,Human,1085,2000-05-30,122375,2LAH;4A1G;4QPM;4R8Q;5DMZ;6F7B;7B1F;7B1H;7B1J;
O43781,Human,588,2001-04-27,65714,5Y86;
O54748,Rat,491,2006-07-25,56122,
O54781,Mouse,681,2005-07-05,76757,
O54784,Mouse,448,2003-11-28,51422,
O54785,Mouse,638,2004-05-24,72202,2YUB;
O54833,Mouse,350,2000-12-01,41215,
O54863,Mouse,358,2003-04-30,41022,
O54874,Rat,1732,2005-11-08,197064,4AW2;
O54949,Mouse,527,2004-07-19,58313,
O54967,Mouse,1055,2003-10-24,116975,
O54988,Mouse,1233,2006-05-02,141457,
O54992,Mouse,473,2004-09-13,54152,
O55047,Mouse,718,2003-08-22,82261,
O55098,Mouse,966,2001-01-24,111906,
O55099,Rat,343,2003-01-17,39234,
O55173,Rat,559,2001-10-18,63593,
O55222,Mouse,452,2000-12-01,51373,
O60229,Human,2986,2000-12-01,340261,5QQD;5QQE;5QQF;5QQG;5QQH;5QQI;5QQJ;5QQK;5QQL;5QQM;5QQN;5QU9;
O60285,Human,661,2001-06-20,74305,
O60307,Human,1309,2005-11-22,143137,1V9V;3KHF;
O60566,Human,1050,2000-05-30,119545,2WVI;3SI5;4GGD;5JJA;5K6S;5KHU;5LCW;5SWF;6TLJ;
O60674,Human,1132,1998-12-15,130674,2B7A;2W1I;2XA4;3E62;3E63;3E64;3FUP;3IO7;3IOK;3JY9;3KCK;3KRR;3LPB;3Q32;3RVG;3TJC;3TJD;3UGC;3ZMM;4AQC;4BBE;4BBF;4C61;4C62;4D0W;4D0X;4D1S;4E4M;4E6D;4E6Q;4F08;4F09;4FVP;4FVQ;4FVR;4GFM;4GMY;4HGE;4IVA;4JI9;4JIA;4P7E;4YTC;4YTF;4YTH;4YTI;4Z32;4ZIM;5AEP;5CF4;5CF5;5CF6;5CF8;5HEZ;5I4N;5L3A;5TQ3;5TQ4;5TQ5;5TQ6;5TQ7;5TQ8;5USY;5USZ;5UT0;5UT1;5UT2;5UT3;5UT4;5UT5;5UT6;5WEV;5WIJ;5WIK;5WIL;5WIM;5WIN;6AAJ;6BBV;6BRW;6BS0;6BSS;6D2I;6DRW;6E2P;6E2Q;6G3C;6M9H;6OAV;6OBB;6OBF;6OBL;6OCC;6TPD;6VGL;6VN8;6VNB;6VNC;6VNE;6VNF;6VNG;6VNH;6VNI;6VNJ;6VNK;6VNL;6VNM;6VS3;6VSN;6WTN;6WTO;6WTP;6WTQ;6X8E;6XJK;7F7W;7JYO;7JYQ;7LL4;7LL5;7Q7I;7Q7K;7Q7L;7Q7W;7REE;7RN6;7T0P;7T1T;7TEU;7UYW;8B8N;8B8U;8B99;8B9E;8B9H;8BA2;8BA3;8BA4;8BAB;8BAK;8EX0;8EX1;8EX2;8EXK;8EYA;8EYB;8F88;8G6Z;8G8O;8G8X;
O61267,Fruit fly,476,2003-01-27,54261,
O61443,Fruit fly,365,2002-05-02,42098,
O61661,Fruit fly,512,2003-10-10,57833,
O62618,Fruit fly,366,2001-11-02,42256,
O70126,Mouse,345,2003-01-17,39384,
O70146,Mouse,627,2001-04-27,68052,
O70150,Rat,343,2005-02-01,38439,
O70291,Mouse,574,2004-05-24,66928,
O70293,Mouse,576,2000-05-30,65979,
O70405,Mouse,1051,1999-07-15,112463,
O70444,Rat,326,2003-02-28,36002,
O70551,Mouse,648,2005-06-21,73088,
O70589,Mouse,926,1999-07-15,105109,1Y74;6Y9O;
O75116,Human,1388,2004-05-24,160900,4L6Q;4WOT;5U7Q;5U7R;6ED6;6P5M;6P5P;7JNT;7JOV;7P6N;8GDS;
O75385,Human,1050,1999-07-15,112631,4WNO;4WNP;5CI7;6HYO;6MNH;6QAS;8SOI;8SQZ;8SRM;8SRQ;
O75460,Human,977,2004-08-16,109735,2HZ6;3P23;4U6R;4YZ9;4YZC;4YZD;4Z7G;4Z7H;5HGI;6HV0;6HX1;6SHC;6URC;6W39;6W3A;6W3B;6W3C;6W3E;6W3K;6XDB;6XDD;6XDF;7BMK;
O75582,Human,802,2003-10-24,89865,1VZO;3KN5;3KN6;7UP4;7UP5;7UP6;7UP7;7UP8;
O75676,Human,772,2003-10-24,85606,
O75716,Human,305,2001-02-21,34656,2BUJ;
O75914,Human,559,1998-12-15,62310,6FD3;
O76039,Human,960,1999-07-15,107519,4BGQ;8CIE;
O76324,Fruit fly,440,1999-07-15,47958,
O77676,Rabbit,671,2000-05-30,76454,
O77708,Rabbit,533,2007-02-20,60010,
O77819,Rabbit,1354,2004-05-24,158347,
O88351,Mouse,757,2001-06-01,86690,
O88445,Mouse,276,2003-01-17,32358,
O88506,Rat,553,2000-12-01,60051,
O88643,Mouse,545,1998-12-15,60737,
O88664,Rat,1001,2005-10-25,115952,
O88697,Mouse,305,2001-02-21,34382,
O88764,Rat,448,2003-11-28,51450,
O88831,Rat,587,2004-12-07,64446,
O88850,Rat,1191,2005-03-15,129744,
O88904,Mouse,1210,2003-08-29,130723,
O94768,Human,372,2001-06-20,42344,3LM0;3LM5;6QF4;6Y6F;6Y6H;6ZJF;7AKG;7Q7C;7Q7D;7Q7E;
O94804,Human,968,2001-01-24,112135,2J7T;4AOT;4BC6;4EQU;4USD;4USE;5AJQ;5OWQ;5OWR;6EIM;6GTT;6HXF;6I2Y;7QGP;
O94806,Human,890,2001-01-11,100471,2D9Z;
O94921,Human,469,2002-08-30,53057,
O95382,Human,1288,2000-05-30,142596,
O95747,Human,527,2005-08-16,58022,2V3S;2VWI;3DAK;7OKW;
O95819,Human,1239,2003-03-28,142101,4OBO;4OBP;4OBQ;4RVT;4U3Y;4U3Z;4U40;4U41;4U42;4U43;4U44;4U45;4ZK5;4ZP5;5DI1;5J95;5W5Q;
O95835,Human,1130,2004-09-27,126870,4ZRK;5B5W;5BRK;7LWH;
O96013,Human,591,2001-01-24,64072,2BVA;2CDZ;2J0I;2OV2;2Q0N;2X4Z;4APP;4FIE;4FIF;4FIG;4FIH;4FII;4FIJ;4JDH;4JDI;4JDJ;4JDK;4L67;4NJD;4O0V;4O0X;4O0Y;4XBR;4XBU;5BMS;5I0B;5UPK;5UPL;5VED;5VEE;5VEF;5XVA;5XVF;5XVG;5ZJW;6WLX;6WLY;7CMB;7CP3;7CP4;7S46;7S47;7S48;8AHG;8AHH;8AHI;
O96017,Human,543,2000-05-30,60915,1GXC;2CN5;2CN8;2W0J;2W7X;2WTC;2WTD;2WTI;2WTJ;2XBJ;2XK9;2XM8;2XM9;2YCF;2YCQ;2YCR;2YCS;2YIQ;2YIR;2YIT;3I6U;3I6W;3VA4;4A9R;4A9S;4A9T;4A9U;4BDA;4BDB;4BDC;4BDD;4BDE;4BDF;4BDG;4BDH;4BDI;4BDJ;4BDK;
O97143,Fruit fly,769,2009-09-22,85887,4G7N;4NK7;5LHX;7RL3;
P00518,Rabbit,387,1986-07-21,44803,1PHK;1QL6;2PHK;
P00519,Human,1130,1986-07-21,122873,1AB2;1AWO;1BBZ;1JU5;1OPL;1ZZP;2ABL;2E2B;2F4J;2FO0;2G1T;2G2F;2G2H;2G2I;2GQG;2HIW;2HYY;2HZ0;2HZ4;2HZI;2O88;2V7A;3CS9;3EG0;3EG1;3EG2;3EG3;3EGU;3K2M;3PYY;3QRI;3QRJ;3QRK;3T04;3UE4;3UYO;4J9B;4J9C;4J9D;4J9E;4J9F;4J9G;4J9H;4J9I;4JJB;4JJC;4JJD;4TWP;4WA9;4XEY;4YC8;4ZOG;5DC0;5DC4;5DC9;5HU9;5MO4;5NP2;5OAZ;6AMV;6AMW;6BL8;6NPE;6NPU;6NPV;6XR6;6XR7;6XRG;7CC2;7DT2;7N9G;7PVQ;7PVR;7PVS;7PVV;7PW2;7W7X;7W7Y;8H7F;8H7H;8SSN;
P00520,Mouse,1123,1986-07-21,122673,1ABO;1ABQ;1FPU;1IEP;1M52;1OPJ;1OPK;2HZN;2QOH;2Z60;3DK3;3DK6;3DK7;3IK3;3K5V;3KF4;3KFA;3MS9;3MSS;3OXZ;3OY3;5IH2;6HD4;6HD6;
P00522,Fruit fly,1620,1986-07-21,171588,
P00523,Chicken,533,1986-07-21,60010,1F1W;1F2F;1NLO;1NLP;1P13;1PRL;1PRM;1RLP;1RLQ;1SRL;1SRM;2HWO;2HWP;2OIQ;2PTK;2QI8;2QLQ;2QQ7;3D7T;3D7U;3DQW;3DQX;3EL7;3EL8;3EN4;3EN5;3EN6;3EN7;3F3T;3F3U;3F3V;3F3W;3F6X;3FJ5;3G5D;3G6G;3G6H;3GEQ;3LOK;3OEZ;3OF0;3QLF;3QLG;3SVV;3TZ7;3TZ8;3TZ9;3U4W;3U51;3UQF;3UQG;4AGW;4DGG;4FIC;4HVU;4HVV;4HVW;4JZ3;4JZ4;4LE9;4LGG;4LGH;4MCV;4O2P;4OML;4OMM;4OMN;4OMO;4OMP;4OMQ;4QT7;4RTU;4RTV;4RTW;4RTX;4RTY;4RTZ;4U5J;4YBJ;4YBK;5BMM;5D10;5D11;5D12;5EC7;5ECA;5I11;5J5S;5K9I;5OAV;5OB0;5OB1;5OB2;5SWH;5SYS;5T0P;5TEH;5XP5;5XP7;6HVE;6HVF;6L8L;6WIW;6XVM;6XVN;6XVO;6XX2;6XX3;6XX4;6XX5;7A30;7A31;7A32;7A33;7A34;7A35;7A36;7A37;7A38;7A39;7A3A;7A3B;7A3C;7A3D;7A3E;7AH3;7D57;7D5O;7NER;7NES;7NET;7PVW;7PVX;7PVY;7PVZ;7PW0;7WF5;
P00528,Fruit fly,552,1986-07-21,63003,
P00533,Human,1210,1986-07-21,134277,1IVO;1M14;1M17;1MOX;1NQL;1XKK;1YY9;1Z9I;2EB2;2EB3;2GS2;2GS6;2GS7;2ITN;2ITO;2ITP;2ITQ;2ITT;2ITU;2ITV;2ITW;2ITX;2ITY;2ITZ;2J5E;2J5F;2J6M;2JIT;2JIU;2JIV;2KS1;2M0B;2M20;2N5S;2RF9;2RFD;2RFE;2RGP;3B2U;3B2V;3BEL;3BUO;3C09;3G5V;3G5Y;3GOP;3GT8;3IKA;3LZB;3NJP;3OB2;3OP0;3P0Y;3PFV;3POZ;3QWQ;3UG1;3UG2;3VJN;3VJO;3VRP;3VRR;3W2O;3W2P;3W2Q;3W2R;3W2S;3W32;3W33;4G5J;4G5P;4HJO;4I1Z;4I20;4I21;4I22;4I23;4I24;4JQ7;4JQ8;4JR3;4JRV;4KRL;4KRM;4KRO;4KRP;4LI5;4LL0;4LQM;4LRM;4R3P;4R3R;4R5S;4RIW;4RIX;4RIY;4RJ4;4RJ5;4RJ6;4RJ7;4RJ8;4TKS;4UIP;4UV7;4WD5;4WKQ;4WRG;4ZAU;4ZJV;4ZSE;5C8K;5C8M;5C8N;5CAL;5CAN;5CAO;5CAP;5CAQ;5CAS;5CAU;5CAV;5CNN;5CNO;5CZH;5CZI;5D41;5EDP;5EDQ;5EDR;5EM5;5EM6;5EM7;5EM8;5FED;5FEE;5FEQ;5GMP;5GNK;5GTY;5GTZ;5HCX;5HCY;5HCZ;5HG5;5HG7;5HG8;5HG9;5HIB;5HIC;5J9Y;5J9Z;5JEB;5LV6;5SX4;5SX5;5U8L;5UG8;5UG9;5UGA;5UGB;5UGC;5UWD;5WB7;5WB8;5X26;5X27;5X28;5X2A;5X2C;5X2F;5X2K;5XDK;5XDL;5XGM;5XGN;5XWD;5Y25;5Y9T;5YU9;5ZTO;5ZWJ;6ARU;6B3S;6D8E;6DUK;6JRJ;6JRK;6JRX;6JWL;6JX0;6JX4;6JXT;6JZ0;6LUB;6LUD;6P1D;6P1L;6P8Q;6S89;6S8A;6S9B;6S9C;6S9D;6TFU;6TFV;6TFW;6TFY;6TFZ;6TG0;6TG1;6V5N;6V5P;6V66;6V6K;6V6O;6VH4;6VHN;6VHP;6WA2;6WAK;6WXN;6XL4;6Z4B;6Z4D;7A2A;7A6I;7A6J;7A6K;7AEI;7AEM;7B85;7ER2;7JXI;7JXK;7JXL;7JXM;7JXP;7JXQ;7JXW;7K1H;7K1I;7KXZ;7KY0;7LEN;7LFR;7LFS;7LG8;7LGS;7LTX;7OM4;7OXB;7SI1;7SYD;7SYE;7SZ0;7SZ1;7SZ5;7SZ7;7T4I;7T4J;7TVD;7U98;7U99;7U9A;7UKV;7UKW;7VRA;7VRE;7ZYM;7ZYN;7ZYP;7ZYQ;8A27;8A2A;8A2B;8A2D;8D73;8D76;8DSW;8G63;8HGO;8HGP;8HGS;8HY7;
P00536,Mouse,343,1986-07-21,37886,
P00540,Human,346,1986-07-21,37820,
P04049,Human,648,1986-11-01,73052,1C1Y;1FAQ;1FAR;1GUA;1RFA;3CU8;3IQJ;3IQU;3IQV;3KUC;3KUD;3NKX;3O8I;3OMV;4FJ3;4G0N;4G3X;4IEA;4IHL;6NTC;6NTD;6PTS;6PTW;6VJJ;6XGU;6XGV;6XHA;6XHB;6XI7;7JHP;7Z37;7Z38;8A68;8A6F;8A6H;8ATR;8ATS;8AV0;8EPW;8GAE;8GFT;
P04412,Fruit fly,1426,1987-08-13,159718,3I2T;3LTF;3LTG;
P04626,Human,1255,1987-08-13,137910,1MFG;1MFL;1MW4;1N8Z;1QR1;1S78;2A91;2JWA;2KS1;2L4K;2N2A;3BE1;3H3B;3MZW;3N85;3PP0;3RCD;3WLW;3WSQ;4GFU;4HRL;4HRM;4HRN;4NND;5K33;5KWG;5MY6;5O4G;5OB4;5TQS;6ATT;6BGT;6J71;6LBX;6OGE;7JXH;7MN5;7MN6;7MN8;7PCD;7QVK;8FFJ;8HGO;8HGP;8Q6J;
P04627,Mouse,604,1987-08-13,67581,
P04629,Human,796,1987-08-13,87497,1HE7;1SHC;1WWA;1WWW;2IFG;2N90;4AOJ;4CRP;4F0I;4GT5;4PMM;4PMP;4PMS;4PMT;4YNE;4YPS;5H3Q;5I8A;5JFS;5JFV;5JFW;5JFX;5KMI;5KMJ;5KMK;5KML;5KMM;5KMN;5KMO;5KVT;5WR7;6D1Y;6D1Z;6D20;6D22;6DKB;6DKG;6DKI;6DKW;6IQN;6J5L;6NPT;6NSP;6NSS;6PL1;6PL2;6PL3;6PL4;6PMA;6PMB;6PMC;6PME;7N3T;7VKM;7VKN;7VKO;7XAF;7XBI;8J5W;8J5X;8J61;8J63;
P05129,Human,697,1987-08-13,78448,2E73;2UZP;
P05130,Fruit fly,679,1987-08-13,77695,
P05132,Mouse,351,1987-08-13,40571,1APM;1ATP;1BKX;1BX6;1FMO;1J3H;1JBP;1JLU;1L3R;1RDQ;1RE8;1REJ;1REK;1SYK;2CPK;2ERZ;2QCS;2QUR;2QVS;3FHI;3FJQ;3IDB;3IDC;3J4Q;3J4R;3O7L;3OW3;3PVB;3QAL;3QAM;3TNP;3TNQ;3X2U;3X2V;3X2W;4DFX;4DFY;4DFZ;4DG0;4DG2;4DG3;4DH1;4DH3;4DH5;4DH7;4DH8;4DIN;4HPT;4HPU;4IAC;4IAD;4IAF;4IAI;4IAK;4IAY;4IAZ;4IB0;4IB1;4IB3;4NTS;4NTT;4O21;4O22;4WBB;4X6Q;4X6R;4XW4;4XW5;4XW6;5JR7;5X3F;6E21;6MM5;6MM6;6MM7;6MM8;7E0Z;7E11;7E12;7UJX;7V0G;
P05480,Mouse,535,1988-11-01,59891,6F3F;
P05532,Mouse,979,1988-11-01,109343,2O26;
P05622,Mouse,1098,1988-11-01,122790,1AYA;1AYC;
P05625,Chicken,647,1988-11-01,73125,
P05696,Rat,672,1988-11-01,76792,1DSY;2NCE;3GPE;3RDJ;3TWY;4L1L;5W4S;
P05771,Human,671,1987-08-13,76869,2I0E;
P05772,Rabbit,671,1988-11-01,76828,
P06213,Human,1382,1988-01-01,156333,1GAG;1I44;1IR3;1IRK;1P14;1RQQ;2AUH;2B4S;2HR7;2MFR;2Z8C;3BU3;3BU5;3BU6;3EKK;3EKN;3ETA;3W11;3W12;3W13;4IBM;4OGA;4XLV;4XSS;4XST;4ZXB;5E1S;5HHW;5J3H;5KQV;5U1M;6HN4;6HN5;6PXV;6PXW;6SOF;6VEP;6VEQ;7BW7;7BW8;7BWA;7KD6;7MQO;7MQR;7MQS;7PG0;7PG2;7PG3;7PG4;7PHT;7QID;7S0Q;7S8V;7U6D;7U6E;7YQ3;7YQ4;7YQ5;7YQ6;8DWN;8GUY;
P06239,Human,509,1988-01-01,58001,1BHF;1BHH;1CWD;1CWE;1FBZ;1H92;1IJR;1KIK;1LCJ;1LCK;1LKK;1LKL;1Q68;1Q69;1QPC;1QPD;1QPE;1QPJ;1X27;2IIM;2OF2;2OF4;2OFU;2OFV;2OG8;2PL0;2ZM1;2ZM4;2ZYB;3AC1;3AC2;3AC3;3AC4;3AC5;3AC8;3ACJ;3ACK;3AD4;3AD5;3AD6;3B2W;3BRH;3BYM;3BYO;3BYS;3BYU;3KMM;3KXZ;3LCK;3MPM;4C3F;4D8K;5MTM;5MTN;6H6A;6PDJ;
P06240,Mouse,509,1988-01-01,57943,
P06241,Human,537,1988-01-01,60762,1A0N;1AOT;1AOU;1AVZ;1AZG;1EFN;1FYN;1G83;1M27;1NYF;1NYG;1SHF;1ZBJ;2DQ7;2MQI;2MRJ;2MRK;3H0F;3H0H;3H0I;3UA6;3UA7;4D8D;4EIK;4U17;4U1P;4ZNX;5ZAU;6EDF;6IPY;6IPZ;7A2J;7A2K;7A2L;7A2M;7A2N;7A2O;7A2P;7A2Q;7A2R;7A2S;7A2T;7A2U;7A2V;7A2W;7A2X;7A2Y;7A2Z;
P06493,Human,297,1988-01-01,34095,4Y72;4YC3;4YC6;5HQ0;5LQF;6GU2;6GU3;6GU4;6GU6;6GU7;6TWN;7NJ0;
P06494,Rat,1257,1988-01-01,138832,1IIJ;1N8Y;
P06803,Mouse,313,1988-01-01,35451,
P07313,Rabbit,608,1988-04-01,65468,2BBM;2BBN;6HR1;
P07332,Human,822,1988-04-01,93497,1WQU;2DCR;3BKB;3CBL;3CD3;4DYL;4E93;6JMF;7T1K;7T1L;
P07333,Human,972,1988-04-01,107984,2I0V;2I0Y;2I1M;2OGV;3BEA;3DPK;3KRJ;3KRL;3LCD;3LCO;4DKD;4HW7;4LIQ;4R7H;4R7I;4WRL;4WRM;6IG8;6N33;6T2W;6WXJ;7MFC;8CGC;
P07934,Mouse,388,1988-08-01,44960,
P07947,Human,543,1988-08-01,60801,2HDA;
P07948,Human,512,1988-08-01,58574,1W1F;1WA7;3A4O;5XY1;6NMW;
P07949,Human,1114,1988-08-01,124319,2IVS;2IVT;2IVU;2IVV;2X2K;2X2L;2X2M;2X2U;4CKI;4CKJ;4UX8;5AMN;5FM2;5FM3;6FEK;6GL7;6I82;6I83;6NE7;6NEC;6NJA;6Q2J;6Q2N;6Q2O;6Q2R;6Q2S;6VHG;7DU8;7DU9;7DUA;7JU5;7JU6;7NZN;7RUN;
P08069,Human,1367,1988-08-01,154793,1IGR;1JQH;1K3A;1M7N;1P4O;2OJ9;2ZM3;3D94;3F5P;3I81;3LVP;3LW0;3NW5;3NW6;3NW7;3O23;3QQU;4D2R;4XSS;5FXQ;5FXR;5FXS;5HZN;5U8Q;5U8R;6JK8;6VWG;6VWH;6VWI;6VWJ;7PH8;7S0Q;7S8V;7U23;7V3P;7XGD;7XLC;7YRR;8PYI;8PYJ;8PYK;8PYL;8PYM;8PYN;
P08103,Mouse,524,1988-08-01,59129,
P08181,Fruit fly,336,1988-08-01,39960,
P08413,Rat,542,1988-08-01,60402,6HCS;
P08414,Mouse,469,1988-08-01,52628,
P08581,Human,1390,1988-08-01,155541,1FYR;1R0P;1R1W;1SHY;1SSL;2G15;2RFN;2RFS;2UZX;2UZY;2WD1;2WGJ;2WKM;3A4P;3BUX;3C1X;3CCN;3CD8;3CE3;3CTH;3CTJ;3DKC;3DKF;3DKG;3EFJ;3EFK;3F66;3F82;3I5N;3L8V;3LQ8;3Q6U;3Q6W;3QTI;3R7O;3RHK;3U6H;3U6I;3VW8;3ZBX;3ZC5;3ZCL;3ZXZ;3ZZE;4AOI;4AP7;4DEG;4DEH;4DEI;4EEV;4GG5;4GG7;4IWD;4K3J;4KNB;4MXC;4O3T;4O3U;4R1V;4R1Y;4XMO;4XYF;5DG5;5EOB;5EYC;5EYD;5HLW;5HNI;5HO6;5HOA;5HOR;5HTI;5LSP;5T3Q;5UAB;5UAD;5YA5;6GCU;6I04;6SD9;6SDC;6SDD;6SDE;6UBW;6WVZ;7B3Q;7B3T;7B3V;7B3W;7B3Z;7B40;7B41;7B42;7B43;7B44;7MO7;7MO8;7MO9;7MOA;7MOB;7V3R;7V3S;7Y4T;7Y4U;8AN8;8ANS;8AU3;8AU5;8AW1;8GVJ;8OUU;8OUV;8OV7;8OVZ;8OW3;8OWG;
P08630,Fruit fly,786,1988-08-01,87392,
P08631,Human,526,1988-08-01,59600,1AD5;1BU1;1QCF;2C0I;2C0O;2C0T;2HCK;2HK5;2OI3;2OJ2;3HCK;3NHN;3RBB;3REA;3REB;3VRY;3VRZ;3VS0;3VS1;3VS2;3VS3;3VS4;3VS5;3VS6;3VS7;4HCK;4LUD;4LUE;4ORZ;4U5W;5H09;5H0B;5H0E;5H0G;5H0H;5HCK;5NUH;5ZJ6;8F2P;
P08922,Human,2347,1988-11-01,263915,3ZBF;4UXL;7Z5W;7Z5X;
P08923,Mouse,888,1988-11-01,94471,
P08941,Chicken,2311,1988-11-01,260961,
P09208,Fruit fly,2144,1989-07-01,239776,
P09215,Rat,673,1989-07-01,77520,1BDY;7KND;7KNJ;7KO6;7L92;7LCB;7LEO;7LF3;
P09216,Rat,737,1989-07-01,83478,1GMI;
P09217,Rat,592,1989-07-01,67733,4MJS;
P09324,Chicken,541,1989-07-01,60792,
P09581,Mouse,977,1989-07-01,109179,3EJJ;4EXP;
P09619,Human,1106,1989-07-01,123968,1GQ5;1H9O;1SHA;2IUI;2L6W;2PLD;2PLE;3MJG;
P09759,Rat,984,1989-07-01,109883,
P09760,Rat,823,1989-07-01,94314,
P09769,Human,529,1989-07-01,59479,7JT9;7UY0;7UY3;
P0C0R5,Rat,1358,2005-12-06,152447,
P0C1S8,Human,567,2006-09-05,62925,5VDK;
P0C1X8,Rat,962,2006-10-03,103761,
P0C264,Human,359,2006-11-28,38488,
P0C605,Mouse,671,2008-01-15,76350,
P0C865,Rat,806,2008-09-02,87827,
P0C8E4,Rat,606,2008-11-04,67200,
P0DL10,Maize,996,2013-04-03,105988,
P10102,Rabbit,672,1989-07-01,76782,
P10398,Human,606,1988-04-01,67585,1WXM;2MSE;
P10676,Fruit fly,1501,1989-10-01,174300,
P10721,Human,976,1989-07-01,109865,1PKG;1T45;1T46;2E9W;2EC8;2IUH;2VIF;3G0E;3G0F;4HVS;4K94;4K9E;4PGZ;4U0I;6GQJ;6GQK;6GQL;6GQM;6HH1;6ITT;6ITV;6KLA;6MOB;6XV9;6XVA;6XVB;7KHG;7KHJ;7KHK;7ZW8;7ZY6;8DFM;8DFP;8DFQ;
P10829,Rabbit,697,1989-07-01,78372,
P10830,Rabbit,736,1989-07-01,83516,
P11275,Rat,478,1989-07-01,54115,1CDM;1CM1;1CM4;5U6Y;
P11309,Human,313,1989-07-01,35686,1XQZ;1XR1;1XWS;1YHS;1YI3;1YI4;1YWV;1YXS;1YXT;1YXU;1YXV;1YXX;2BIK;2BIL;2BZH;2BZI;2BZJ;2BZK;2C3I;2J2I;2O3P;2O63;2O64;2O65;2OBJ;2OI4;2XIX;2XIY;2XIZ;2XJ0;2XJ1;2XJ2;3A99;3BGP;3BGQ;3BGZ;3BWF;3C4E;3CXW;3CY2;3CY3;3DCV;3F2A;3JPV;3JXW;3JY0;3JYA;3MA3;3QF9;3R00;3R01;3R02;3R04;3T9I;3UIX;3UMW;3UMX;3VBQ;3VBT;3VBV;3VBW;3VBX;3VBY;3VC4;3WE8;4A7C;4ALU;4ALV;4ALW;4AS0;4BZN;4BZO;4DTK;4ENX;4ENY;4GW8;4I41;4IAA;4JX3;4JX7;4K0Y;4K18;4K1B;4LL5;4LM5;4LMU;4MBI;4MBL;4MTA;4N6Y;4N6Z;4N70;4RBL;4RC2;4RC3;4RC4;4RPV;4TY1;4WRS;4WSY;4WT6;4XH6;4XHK;5C1Q;5DGZ;5DHJ;5DIA;5DWR;5EOL;5IIS;5IPJ;5KCX;5KGD;5KGE;5KGG;5KGI;5KGK;5KZI;5MZL;5N4N;5N4O;5N4R;5N4U;5N4V;5N4X;5N4Y;5N4Z;5N50;5N51;5N52;5N5L;5N5M;5NDT;5O11;5O12;5O13;5TEL;5TEX;5TOE;5TUR;5V80;5V82;5VUA;5VUB;5VUC;6AYD;6BSK;6KZI;6L11;6L12;6L13;6L14;6L15;6L16;6L17;6MT0;6NO8;6NO9;6PCW;6PDI;6PDN;6PDO;6PDP;6QXK;6VRU;6VRV;6YKD;7OOV;7OOW;7OOX;7QB2;7QFM;7XSV;7Z6U;7ZUN;8AFR;
P11345,Rat,648,1989-07-01,72928,1RRB;
P11346,Fruit fly,739,1989-07-01,83729,
P11362,Human,822,1989-07-01,91868,1AGW;1CVS;1EVT;1FGI;1FGK;1FQ9;1XR0;2CR3;2FGI;3C4F;3DPK;3GQI;3GQL;3JS2;3KRJ;3KRL;3KXX;3KY2;3OJV;3RHX;3TT0;4F63;4F64;4F65;4NK9;4NKA;4NKS;4RWI;4RWJ;4RWK;4RWL;4UWB;4UWC;4UWY;4V01;4V04;4V05;4WUN;4ZSA;5A46;5A4C;5AM6;5AM7;5B7V;5EW8;5FLF;5O49;5O4A;5UQ0;5UR1;5VND;5W21;5W59;5Z0S;5ZV2;6C18;6C19;6C1B;6C1C;6C1O;6ITJ;6MZQ;6MZW;6NVL;6P68;6P69;7OZB;7OZD;7OZF;7WCL;7YSH;
P11440,Mouse,297,1989-10-01,34107,
P11730,Rat,527,1989-10-01,59038,
P11798,Mouse,478,1989-10-01,54115,1HKX;4X3I;6TS3;7B55;7B56;7B57;
P11799,Chicken,1906,1989-10-01,210446,1CDL;1QS7;1QTX;1VRK;2O5G;3EK7;3EK8;3EKH;3EKJ;3EVR;3EVU;3EVV;3O77;3O78;4OY4;
P11801,Human,424,1989-10-01,48035,
P11802,Human,303,1989-10-01,33730,2W96;2W99;2W9F;2W9Z;3G33;5FWK;5FWL;5FWM;5FWP;6P8E;6P8F;6P8G;6P8H;7SJ3;
P12370,Fruit fly,353,1989-10-01,40839,
P12931,Human,536,1989-10-01,59835,1A07;1A08;1A09;1A1A;1A1B;1A1C;1A1E;1FMK;1HCS;1HCT;1KSW;1O41;1O42;1O43;1O44;1O45;1O46;1O47;1O48;1O49;1O4A;1O4B;1O4C;1O4D;1O4E;1O4F;1O4G;1O4H;1O4I;1O4J;1O4K;1O4L;1O4M;1O4N;1O4O;1O4P;1O4Q;1O4R;1SHD;1Y57;1YI6;1YOJ;1YOL;1YOM;2BDF;2BDJ;2H8H;2SRC;3VRO;3ZMP;3ZMQ;4F59;4F5A;4F5B;4HXJ;4K11;4MXO;4MXX;4MXY;4MXZ;6ATE;6C4S;6E6E;6EHJ;7NG7;7OTE;7T1U;7YQE;
P13234,Rat,474,1990-01-01,53151,
P13286,Rat,388,1990-01-01,45015,
P13368,Fruit fly,2554,1990-01-01,287025,
P13387,Chicken,703,1990-01-01,77427,
P13677,Fruit fly,700,1990-04-01,79844,
P13678,Fruit fly,739,1990-04-01,83107,
P13863,Chicken,303,1990-01-01,34688,
P14056,Rat,604,1990-01-01,67551,
P14234,Mouse,517,1990-01-01,58867,
P14616,Human,1297,1990-04-01,143720,7PL4;7TYJ;7TYK;7TYM;
P15056,Human,766,1990-11-01,84437,1UWH;1UWJ;2FB8;2L05;3C4C;3D4Q;3IDP;3II5;3NY5;3OG7;3PPJ;3PPK;3PRF;3PRI;3PSB;3PSD;3Q4C;3Q96;3SKC;3TV4;3TV6;4CQE;4DBN;4E26;4E4X;4EHE;4EHG;4FC0;4FK3;4G9C;4G9R;4H58;4JVG;4KSP;4KSQ;4MBJ;4MNE;4MNF;4PP7;4R5Y;4RZV;4RZW;4WO5;4XV1;4XV2;4XV3;4XV9;4YHT;5C9C;5CSW;5CSX;5CT7;5FD2;5HI2;5HID;5HIE;5ITA;5J17;5J18;5J2R;5JRQ;5JSM;5JT2;5VAL;5VAM;5VR3;5VYK;6B8U;6CAD;6N0P;6N0Q;6NSQ;6NYB;6P3D;6P7G;6PP9;6Q0J;6Q0K;6Q0T;6U2G;6U2H;6UAN;6UUO;6V2U;6V2W;6V34;6XAG;6XFP;6XLO;7K0V;7M0T;7M0U;7M0V;7M0W;7M0X;7M0Y;7M0Z;7MFD;7MFE;7MFF;7P3V;7SHV;7ZR0;7ZR5;7ZR6;8C7X;8C7Y;8DGS;8DGT;8F7O;8F7P;
P15127,Rat,1383,1990-04-01,156757,4XST;5TQ1;
P15208,Mouse,1372,1990-04-01,155610,1LK2;7SL1;7SL2;7SL3;7SL4;7SL6;7SL7;7STH;7STI;7STJ;7STK;8DTL;8DTM;8EYX;8EYY;8EZ0;
P15209,Mouse,821,1990-04-01,92133,
P15735,Human,406,1990-04-01,46442,2Y7J;
P15791,Rat,533,1990-04-01,60081,
P16054,Mouse,737,1990-04-01,83561,
P16056,Mouse,1379,1990-04-01,153549,
P16092,Mouse,822,1990-04-01,91981,2CKN;
P16234,Human,1089,1990-04-01,122670,1GQ5;5GRN;5K5X;6A32;6JOI;6JOJ;6JOK;6JOL;7LBF;7RAM;
P16277,Mouse,499,1990-08-01,56674,1BLJ;1BLK;
P16591,Human,822,1990-08-01,94638,2KK6;6KC4;
P16879,Mouse,822,1990-08-01,93779,
P16912,Fruit fly,583,1990-08-01,65407,
P17252,Human,672,1990-08-01,76750,2ELI;3IW4;4DNL;4RA4;
P17612,Human,351,1990-08-01,40590,2GU8;3AGL;3AGM;3AMA;3AMB;3L9L;3L9M;3L9N;3MVJ;3NX8;3OOG;3OVV;3OWP;3OXT;3P0M;3POO;3VQH;4AE6;4AE9;4UJ1;4UJ2;4UJ9;4UJA;4UJB;4WB5;4WB6;4WB7;4WB8;5BX6;5BX7;5IZF;5IZJ;5J5X;5N23;5UZK;6BYR;6BYS;6C0U;6FRX;6NO7;6QJ7;6WJF;6WJG;7Y1G;
P17948,Human,1338,1990-11-01,150769,1FLT;1QSV;1QSZ;1QTY;1RV6;2XAC;3HNG;4CKV;4CL7;5ABD;5EX3;5T89;
P18106,Fruit fly,1325,1990-11-01,150263,
P18265,Rat,483,1990-11-01,51027,
P18266,Rat,420,1990-11-01,46742,
P18431,Fruit fly,514,1990-11-01,53872,
P18460,Chicken,806,1990-11-01,89730,
P18461,Chicken,823,1990-11-01,92299,
P18475,Fruit fly,923,1990-11-01,105201,
P18653,Mouse,724,1990-11-01,81595,
P18654,Mouse,740,1990-11-01,83694,2QR7;2QR8;3G51;3UBD;4EL9;4GUE;4M8T;4MAO;5O1S;
P19139,Rat,391,1990-11-01,45073,2R7I;
P19525,Human,551,1991-02-01,62094,1QU6;2A19;2A1A;3UIU;6D3K;6D3L;7OBK;7OBL;8BI7;8I9J;
P19784,Human,350,1991-02-01,41213,3E3B;3OFM;3U87;5M4U;5M56;5OOI;5Y9M;5YF9;5YWM;6HMB;6HMC;6HMD;6HMQ;6L20;6QY8;6QY9;6TE2;6TEW;6TGU;7A1B;7A1Z;7A22;7A2H;7AT9;7ATV;7XYH;
P20444,Mouse,672,1991-02-01,76852,
P20689,Rat,610,1991-02-01,65816,
P20786,Rat,1088,1991-02-01,122642,
P20793,Rat,622,1991-02-01,69897,
P20794,Human,623,1991-02-01,70581,
P21127,Human,795,1991-02-01,92620,7UKZ;
P21708,Rat,380,1991-05-01,43081,
P21709,Human,976,1991-05-01,108127,2K1K;2K1L;3HIL;3KKA;
P21802,Human,821,1991-05-01,92025,1DJS;1E0O;1EV2;1GJO;1II4;1IIL;1NUN;1OEC;1WVZ;2FDB;2PSQ;2PVF;2PVY;2PWL;2PY3;2PZ5;2PZP;2PZR;2Q0B;3B2T;3CAF;3CLY;3CU1;3DAR;3EUU;3OJ2;3OJM;3RI1;4J23;4J95;4J96;4J97;4J98;4J99;4WV1;5EG3;5UGL;5UGX;5UHN;5UI0;6AGX;6LVK;6LVL;6V6Q;7KIA;7KIE;7OZY;8E1X;8STG;
P21803,Mouse,821,1991-05-01,91984,4HWU;
P21804,Chicken,819,1991-05-01,91577,
P21860,Human,1342,1991-05-01,148098,1M6B;2L9U;3KEX;3LMG;3P11;4LEO;4P59;4RIW;4RIX;4RIY;5CUS;5O4O;5O7P;6KBI;6OP9;7BHE;7BHF;7D85;7MN5;7MN6;7MN8;
P22455,Human,802,1991-08-01,87954,4QQ5;4QQC;4QQJ;4QQT;4QRC;4R6V;4TYE;4TYG;4TYI;4TYJ;4UXQ;4XCU;5JKG;5NUD;5NWZ;5XFF;5XFJ;6IUO;6IUP;6J6Y;6JPE;6JPJ;6NVG;6NVH;6NVI;6NVJ;6NVK;6V9C;6YI8;7DTZ;7F3M;7N1J;7TYD;7V29;7VJL;7WCT;7WCW;7WCX;7YBO;7YBP;7YBX;7YC1;7YC3;7YSW;
P22518,Mouse,483,1991-08-01,57093,
P22607,Human,806,1991-08-01,87710,1RY7;2LZL;4K33;6LVM;6PNX;7DHL;7YSU;
P22612,Human,351,1991-08-01,40434,
P22694,Human,351,1991-08-01,40623,
P23111,Maize,294,1991-11-01,33834,
P23298,Mouse,683,1991-11-01,77919,
P23443,Human,525,1991-11-01,59140,3A60;3A61;3A62;3WE4;3WF5;3WF6;3WF7;3WF8;3WF9;4L3J;4L3L;4L42;4L43;4L44;4L45;4L46;4RLO;4RLP;5WBH;5WBK;7N91;7N93;
P23458,Human,1154,1991-11-01,133277,3EYG;3EYH;4E4L;4E4N;4E5W;4EHZ;4EI4;4FK6;4GS0;4I5C;4IVB;4IVC;4IVD;4K6Z;4K77;4L00;4L01;5E1E;5HX8;5IXD;5IXI;5KHW;5KHX;5L04;5WO4;6AAH;6BBU;6C7Y;6DBN;6ELR;6GGH;6HZU;6N77;6N78;6N79;6N7A;6N7B;6N7C;6N7D;6RSB;6RSC;6RSD;6RSE;6RSH;6SM8;6SMB;6TPE;6TPF;6W8L;8EXJ;
P23572,Fruit fly,297,1991-11-01,34439,
P23573,Fruit fly,314,1991-11-01,35888,
P23647,Fruit fly,805,1991-11-01,90347,6LPH;
P24062,Rat,1370,1992-03-01,155396,
P24604,Mouse,630,1992-03-01,73426,1GL5;
P24723,Human,683,1992-03-01,77828,2FK9;3TXO;8FP1;8FP3;
P24788,Mouse,784,1992-03-01,91513,
P24941,Human,298,1992-03-01,33930,1AQ1;1B38;1B39;1BUH;1CKP;1DI8;1DM2;1E1V;1E1X;1E9H;1F5Q;1FIN;1FQ1;1FVT;1FVV;1G5S;1GIH;1GII;1GIJ;1GY3;1GZ8;1H00;1H01;1H07;1H08;1H0V;1H0W;1H1P;1H1Q;1H1R;1H1S;1H24;1H25;1H26;1H27;1H28;1HCK;1HCL;1JST;1JSU;1JSV;1JVP;1KE5;1KE6;1KE7;1KE8;1KE9;1OGU;1OI9;1OIQ;1OIR;1OIT;1OIU;1OIY;1OKV;1OKW;1OL1;1OL2;1P2A;1P5E;1PF8;1PKD;1PW2;1PXI;1PXJ;1PXK;1PXL;1PXM;1PXN;1PXO;1PXP;1PYE;1QMZ;1R78;1URC;1URW;1V1K;1VYW;1VYZ;1W0X;1W8C;1W98;1WCC;1Y8Y;1Y91;1YKR;2A0C;2A4L;2B52;2B53;2B54;2B55;2BHE;2BHH;2BKZ;2BPM;2BTR;2BTS;2C4G;2C5N;2C5O;2C5V;2C5X;2C5Y;2C68;2C69;2C6I;2C6K;2C6L;2C6M;2C6O;2C6T;2CCH;2CCI;2CJM;2CLX;2DS1;2DUV;2EXM;2FVD;2G9X;2I40;2IW6;2IW8;2IW9;2J9M;2JGZ;2R3F;2R3G;2R3H;2R3I;2R3J;2R3K;2R3L;2R3M;2R3N;2R3O;2R3P;2R3Q;2R3R;2R64;2UUE;2UZB;2UZD;2UZE;2UZL;2UZN;2UZO;2V0D;2V22;2VTA;2VTH;2VTI;2VTJ;2VTL;2VTM;2VTN;2VTO;2VTP;2VTQ;2VTR;2VTS;2VTT;2VU3;2VV9;2W05;2W06;2W17;2W1H;2WEV;2WFY;2WHB;2WIH;2WIP;2WMA;2WMB;2WPA;2WXV;2X1N;2XMY;2XNB;3BHT;3BHU;3BHV;3DDP;3DDQ;3DOG;3EID;3EJ1;3EOC;3EZR;3EZV;3F5X;3FZ1;3IG7;3IGG;3LE6;3LFN;3LFQ;3LFS;3MY5;3NS9;3PJ8;3PXF;3PXQ;3PXR;3PXY;3PXZ;3PY0;3PY1;3QHR;3QHW;3QL8;3QQF;3QQG;3QQH;3QQJ;3QQK;3QQL;3QRT;3QRU;3QTQ;3QTR;3QTS;3QTU;3QTW;3QTX;3QTZ;3QU0;3QWJ;3QWK;3QX2;3QX4;3QXO;3QXP;3QZF;3QZG;3QZH;3QZI;3R1Q;3R1S;3R1Y;3R28;3R6X;3R71;3R73;3R7E;3R7I;3R7U;3R7V;3R7Y;3R83;3R8L;3R8M;3R8P;3R8U;3R8V;3R8Z;3R9D;3R9H;3R9N;3R9O;3RAH;3RAI;3RAK;3RAL;3RJC;3RK5;3RK7;3RK9;3RKB;3RM6;3RM7;3RMF;3RNI;3ROY;3RPO;3RPR;3RPV;3RPY;3RZB;3S00;3S0O;3S1H;3S2P;3SQQ;3SW4;3SW7;3TI1;3TIY;3TIZ;3TNW;3ULI;3UNJ;3UNK;3WBL;4ACM;4BCK;4BCM;4BCN;4BCO;4BCP;4BCQ;4BGH;4BZD;4CFM;4CFN;4CFU;4CFV;4CFW;4CFX;4D1X;4D1Z;4EK3;4EK4;4EK5;4EK6;4EK8;4EOI;4EOJ;4EOK;4EOL;4EOM;4EON;4EOO;4EOP;4EOQ;4EOR;4EOS;4ERW;4EZ3;4EZ7;4FKG;4FKI;4FKJ;4FKL;4FKO;4FKP;4FKQ;4FKR;4FKS;4FKT;4FKU;4FKV;4FKW;4FX3;4GCJ;4I3Z;4II5;4KD1;4LYN;4NJ3;4RJ3;5A14;5AND;5ANE;5ANG;5ANI;5ANJ;5ANK;5ANO;5CYI;5D1J;5FP5;5FP6;5IEV;5IEX;5IEY;5IF1;5JQ5;5JQ8;5K4J;5L2W;5LMK;5MHQ;5NEV;5OO0;5OO1;5OO3;5OSJ;5OSM;5UQ1;5UQ2;5UQ3;6ATH;6GUB;6GUC;6GUE;6GUF;6GUH;6GUK;6GVA;6INL;6JGM;6OQI;6P3W;6Q3B;6Q3C;6Q3F;6Q48;6Q49;6Q4A;6Q4B;6Q4C;6Q4D;6Q4E;6Q4F;6Q4G;6Q4H;6Q4I;6Q4J;6Q4K;6RIJ;6SG4;6YL1;6YL6;6YLK;7ACK;7B5L;7B5R;7B7S;7E34;7KJS;7M2F;7MKX;7NVQ;7QHL;7RA5;7RWE;7RWF;7RXO;7S4T;7S7A;7S84;7S85;7S9X;7SA0;7UG1;7UXI;7UXK;7VDU;7ZPC;8B54;8BYA;8BZO;8CUR;8FOW;8FP0;8FP5;8H6P;8H6T;8OR0;8OR4;
P25098,Human,689,1992-05-01,79574,1BAK;3CIK;3KRW;3KRX;3V5W;4MK0;4PNK;5HE1;5UKK;5UKL;5UUU;5UVC;5WG3;5WG4;5WG5;6C2Y;6U7C;7K7L;7K7Z;7PWD;
P25911,Mouse,512,1992-05-01,58812,2ZV7;2ZV8;2ZV9;2ZVA;4TZI;
P26618,Mouse,1089,1992-08-01,122683,
P26794,Rat,313,1992-08-01,35631,
P26817,Rat,689,1992-08-01,79785,
P26819,Rat,688,1992-08-01,79887,
P27037,Human,513,1992-08-01,57848,3Q4T;3SOC;4ASX;5NH3;7U5P;
P27038,Mouse,513,1992-08-01,57890,1BTE;1LX5;2GOO;
P27040,Mouse,536,1992-08-01,60542,1S4Y;2H64;
P27361,Human,379,1992-08-01,43136,2ZOQ;4QTB;6GES;
P27448,Human,753,1992-08-01,84429,2QNJ;3FE3;7P1L;
P27704,Rat,720,1992-08-01,82275,
P27791,Rat,351,1992-08-01,40620,
P28028,Mouse,751,1992-08-01,82515,
P28482,Human,360,1992-12-01,41390,1PME;1TVO;1WZY;2OJG;2OJI;2OJJ;2Y9Q;3D42;3D44;3I5Z;3I60;3SA0;3TEI;3W55;4FMQ;4FUX;4FUY;4FV0;4FV1;4FV2;4FV3;4FV4;4FV5;4FV6;4FV7;4FV8;4FV9;4G6N;4G6O;4H3P;4H3Q;4IZ5;4IZ7;4IZA;4N0S;4NIF;4O6E;4QP1;4QP2;4QP3;4QP4;4QP6;4QP7;4QP8;4QP9;4QPA;4QTA;4QTE;4XJ0;4ZXT;4ZZM;4ZZN;4ZZO;5AX3;5BUE;5BUI;5BUJ;5BVD;5BVE;5BVF;5K4I;5LCJ;5LCK;5NGU;5NHF;5NHH;5NHJ;5NHL;5NHO;5NHP;5NHV;5V60;5V61;5V62;5WP1;6D5Y;6DMG;6G54;6G8X;6G91;6G92;6G93;6G97;6G9A;6G9D;6G9H;6G9J;6G9K;6G9M;6G9N;6GDM;6GDQ;6GE0;6GJB;6GJD;6NBS;6OPG;6OPH;6OPI;6Q7K;6Q7S;6Q7T;6QA1;6QA3;6QA4;6QAG;6QAH;6QAL;6QAQ;6QAW;6RQ4;6SLG;7AUV;7E73;7E75;7NQQ;7NQW;7NR3;7NR5;7NR8;7NR9;7OPM;7W5O;7X4U;7XC1;8AO2;8AO3;8AO4;8AO5;8AO6;8AO7;8AO8;8AO9;8AOA;8AOB;8AOC;8AOD;8AOE;8AOF;8AOG;8AOH;8AOI;8AOJ;
P28523,Maize,332,1992-12-01,39230,1DAW;1DAY;1DS5;1F0Q;1J91;1JAM;1LP4;1LPU;1LR4;1M2P;1M2Q;1M2R;1OM1;1ZOE;1ZOG;1ZOH;2OXD;2OXX;2OXY;2PVH;2PVJ;2PVK;2PVL;2PVM;2PVN;2QC6;3BE9;3FL5;3KXG;3KXH;3KXM;3KXN;3PVG;3PWD;3PZH;4ANM;4DGM;4DGN;4RLK;5TS8;6QS5;
P28652,Mouse,542,1992-12-01,60461,
P28693,Chicken,1004,1992-12-01,111963,1SGG;
P28867,Mouse,674,1992-12-01,77547,1PTQ;1PTR;3UEJ;3UEY;3UFF;3UGD;3UGI;3UGL;
P29294,Rabbit,1147,1992-12-01,125720,
P29317,Human,976,1992-12-01,108266,1MQB;2E8N;2K9Y;2KSO;2X10;2X11;3C8X;3CZU;3FL7;3HEI;3HPN;3KKA;3MBW;3MX0;3SKJ;4P2K;4PDO;4TRL;5EK7;5I9U;5I9V;5I9W;5I9X;5I9Y;5I9Z;5IA0;5IA1;5IA2;5IA3;5IA4;5IA5;5NJZ;5NK0;5NK1;5NK2;5NK3;5NK4;5NK5;5NK6;5NK7;5NK8;5NK9;5NKA;5NKB;5NKC;5NKD;5NKE;5NKF;5NKG;5NKH;5NKI;5NZ9;6B9L;6F7M;6F7N;6FNF;6FNG;6FNH;6HES;6HET;6HEU;6HEV;6HEW;6HEX;6HEY;6NJZ;6NK0;6NK1;6NK2;6NKP;6Q7B;6Q7C;6Q7D;6Q7E;6Q7F;6Q7G;6RW2;7B7N;7CZE;7CZF;7KJA;7KJB;7KJC;8BIN;8BIO;8BK0;8BOD;8BOF;8BOG;8BOH;8BOI;8BOK;8BOM;
P29318,Chicken,983,1992-12-01,109910,
P29319,Mouse,983,1992-12-01,109955,
P29320,Human,983,1992-12-01,110131,2GSF;2QO2;2QO7;2QO9;2QOB;2QOC;2QOD;2QOF;2QOI;2QOK;2QOL;2QON;2QOO;2QOQ;3DZQ;3FXX;3FY2;4G2F;4GK2;4GK3;4GK4;4L0P;4P4C;4P5Q;4P5Z;4TWN;4TWO;6IN0;
P29322,Human,1005,1992-12-01,111003,1UCV;1X5L;3KUL;
P29323,Human,1055,1992-12-01,117493,1B4F;1F0M;2QBX;3ZFM;8EBL;
P29376,Human,864,1992-12-01,91681,7NX0;7NX1;
P29597,Human,1187,1993-04-01,133650,3LXN;3LXP;3NYX;3NZ0;3ZON;4GFO;4GIH;4GII;4GJ2;4GJ3;4GVJ;4OLI;4PO6;4PY1;4WOV;5C01;5C03;5F1Z;5F20;5TKD;5WAL;6AAM;6DBK;6DBM;6NSL;6NZE;6NZF;6NZH;6NZP;6NZQ;6NZR;6OVA;6VNS;6VNV;6VNX;6VNY;6X8F;6X8G;7AX4;7K7O;7K7Q;7UYR;7UYS;7UYT;7UYU;8EXN;8EYC;8S98;8S99;8S9A;
P29678,Rabbit,393,1993-04-01,43453,2Y4I;5KKR;7JUQ;7JUR;7JUS;7JUT;7JUU;7JUV;7JUW;7JUX;7JUY;7JUZ;7JV0;7JV1;
P30285,Mouse,303,1993-04-01,33751,
P30291,Human,646,1993-04-01,71597,1X8B;2IN6;2IO6;2Z2W;3BI6;3BIZ;3CQE;3CR0;5V5Y;5VC3;5VC4;5VC5;5VC6;5VD2;5VD4;5VD5;5VD7;5VD8;5VD9;5VDA;7N3U;8BJU;
P30530,Human,894,1993-04-01,98337,2C5D;4RA0;5U6B;5VXZ;
P31152,Human,587,1993-07-01,65922,
P31325,Rat,406,1993-07-01,46678,
P31749,Human,480,1993-07-01,55686,1H10;1UNP;1UNQ;1UNR;2UVM;2UZR;2UZS;3CQU;3CQW;3MV5;3MVH;3O96;3OCB;3OW4;3QKK;3QKL;3QKM;4EJN;4EKK;4EKL;4GV1;5KCV;6BUU;6CCY;6HHF;6HHG;6HHH;6HHI;6HHJ;6NPZ;6S9W;6S9X;7APJ;7MYX;7NH4;7NH5;
P31750,Mouse,480,1993-07-01,55707,
P31751,Human,481,1993-07-01,55769,1GZK;1GZN;1GZO;1MRV;1MRY;1O6K;1O6L;1P6S;2JDO;2JDR;2UW9;2X39;2XH5;3D0E;3E87;3E88;3E8D;8Q61;
P31938,Mouse,393,1993-07-01,43474,
P32023,Fruit fly,934,1993-07-01,105907,
P32298,Human,578,1993-10-01,66583,4YHJ;
P32577,Rat,450,1993-10-01,50746,1K9A;2RSY;
P32865,Fruit fly,700,1993-10-01,80566,
P32866,Fruit fly,714,1993-10-01,80686,
P33279,Rabbit,626,1994-02-01,70274,
P33674,Rabbit,391,1994-02-01,45116,
P33981,Human,857,1994-02-01,97072,2X9E;2ZMC;2ZMD;3CEK;3DBQ;3GFW;3H9F;3HMN;3HMO;3HMP;3VQU;3W1F;3WYX;3WYY;3WZJ;3WZK;4B94;4BHZ;4BI0;4BI1;4BI2;4C4E;4C4F;4C4G;4C4H;4C4I;4C4J;4CV8;4CV9;4CVA;4D2S;4H7X;4H7Y;4JS8;4JT3;4O6L;4ZEG;5AP0;5AP1;5AP2;5AP3;5AP4;5AP5;5AP6;5AP7;5EH0;5EHL;5EHO;5EHY;5EI2;5EI6;5EI8;5LJJ;5MRB;5N7V;5N84;5N87;5N93;5N9S;5NA0;5NAD;5NTT;5O91;6B4W;6GVJ;6H3K;6N6O;6TN9;6TNB;6TNC;6TND;7CHM;7CHN;7CHT;7CIL;7CJA;7CLH;7LQD;
P34152,Mouse,1052,1994-02-01,119243,1K40;5F28;6BZ3;
P34925,Human,607,1994-02-01,67815,6TUA;
P34947,Human,590,1994-02-01,67787,4TNB;4TND;6PJX;
P35426,Rat,303,1994-06-01,33799,
P35465,Rat,544,1994-06-01,60578,1E0A;
P35546,Mouse,1115,1994-06-01,123874,1UEF;
P35590,Human,1138,1994-06-01,125090,5N06;
P35626,Human,688,1994-06-01,79710,
P35739,Rat,799,1994-06-01,87868,
P35761,Mouse,856,1994-06-01,96211,
P35916,Human,1363,1994-06-01,152757,4BSJ;4BSK;
P35917,Mouse,1363,1994-06-01,153016,
P35918,Mouse,1345,1994-06-01,150462,
P35968,Human,1356,1994-06-01,151527,1VR2;1Y6A;1Y6B;1YWN;2M59;2MET;2MEU;2OH4;2P2H;2P2I;2QU5;2QU6;2RL5;2X1W;2X1X;2XIR;3B8Q;3B8R;3BE2;3C7Q;3CJF;3CJG;3CP9;3CPB;3CPC;3DTW;3EFL;3EWH;3KVQ;3S35;3S36;3S37;3U6J;3V2A;3V6B;3VHE;3VHK;3VID;3VNT;3VO3;3WZD;3WZE;4AG8;4AGC;4AGD;4ASD;4ASE;5EW3;5OYJ;6GQO;6GQP;6GQQ;6XVJ;6XVK;
P35969,Mouse,1333,1994-06-01,149876,
P35991,Mouse,659,1994-06-01,76437,4XI2;6MNY;8FD9;8FF0;8GMB;8S93;8S9F;
P36506,Rat,400,1994-06-01,44282,
P36507,Human,400,1994-06-01,44424,1S9I;4H3Q;
P36888,Human,993,1994-06-01,112903,1RJB;3QS7;3QS9;4RT7;4XUF;5X02;6IL3;6JQR;7QDP;7ZV9;
P36894,Human,532,1994-06-01,60198,1ES7;1REW;2GOO;2H62;2H64;2K3G;2QJ9;2QJA;2QJB;3NH7;3QB4;
P36895,Mouse,532,1994-06-01,60063,
P36896,Human,505,1994-06-01,56807,7MRZ;7OLY;
P36897,Human,503,1994-06-01,55960,1B6C;1IAS;1PY5;1RW8;1VJY;2L5S;2PJY;2WOT;2WOU;2X7O;3FAA;3GXL;3HMM;3KCF;3KFD;3TZM;4X0M;4X2F;4X2G;4X2J;4X2K;4X2N;5E8S;5E8T;5E8U;5E8W;5E8X;5E8Z;5E90;5FRI;5QIK;5QIL;5QIM;5QTZ;5QU0;5USQ;6B8Y;6MAC;
P36898,Mouse,502,1994-06-01,56944,3EVS;
P37023,Human,503,1994-06-01,56124,2LCR;3MY0;4FAO;6SF1;6SF2;6SF3;7PPC;
P37172,Mouse,509,1994-10-01,57226,
P37173,Human,567,1994-10-01,64568,1KTZ;1M9Z;1PLO;2PJY;3KFD;4P7U;4XJJ;5E8V;5E8Y;5E91;5E92;5QIN;5TX4;5TY4;7DV6;
P38438,Rat,567,1994-10-01,64241,
P38444,Rat,513,1994-10-01,57893,1NYS;1NYU;
P38445,Rat,513,1994-10-01,57857,1NYS;1NYU;6MAC;
P39688,Mouse,537,1995-02-01,60675,3UF4;
P39951,Rat,297,1995-02-01,34135,
P40417,Fruit fly,376,1995-02-01,43151,
P41240,Human,450,1995-02-01,50704,1BYG;1CSK;3D7T;3D7U;3EAC;3EAZ;
P41241,Mouse,450,1995-02-01,50716,1JEG;
P41279,Human,467,1995-02-01,52925,4Y83;4Y85;5IU2;
P41743,Human,596,1995-11-01,68262,1VD2;1WMH;1ZRZ;3A8W;3A8X;3ZH8;5LI1;5LI9;5LIH;6ILZ;
P42679,Human,507,1995-11-01,56469,1JWO;1X6G;3US4;
P42680,Human,631,1995-11-01,73581,2LUL;
P42681,Human,527,1995-11-01,61258,2DM0;
P42682,Mouse,527,1995-11-01,61108,
P42683,Chicken,508,1995-11-01,58140,
P42684,Human,1182,1995-11-01,128343,2ECD;2KK1;2XYN;3GVU;3HMI;3ULR;4EIH;5NP3;5NP5;
P42685,Human,505,1995-11-01,58254,
P43250,Human,576,1995-11-01,65991,2ACX;3NYN;3NYO;
P43403,Human,619,1995-11-01,69872,1FBV;1M61;1U59;2CBL;2OQ1;2OZO;2Y1N;3ZNI;4A4B;4A4C;4K2R;4XZ0;4XZ1;5O76;7SIY;
P43404,Mouse,618,1995-11-01,70112,
P43405,Human,635,1995-11-01,72066,1A81;1CSY;1CSZ;1XBA;1XBB;1XBC;3BUW;3EMG;3FQE;3FQH;3FQS;3SRV;3TUB;3TUC;3TUD;3VF8;3VF9;4DFL;4DFN;4F4P;4FL1;4FL2;4FL3;4FYN;4FYO;4FZ6;4FZ7;4GFG;4I0R;4I0S;4I0T;4PUZ;4PV0;4PX6;4RSS;4RX7;4RX8;4RX9;4WNM;4XG2;4XG3;4XG4;4XG6;4XG7;4XG8;4XG9;4YJO;4YJP;4YJQ;4YJR;4YJS;4YJT;4YJU;4YJV;5C26;5C27;5CXH;5CXZ;5CY3;5GHV;5LMA;5LMB;5T68;5TIU;5TR6;5TT7;5Y5T;5Y5U;6HM6;6HM7;6SSB;6VOV;6ZC0;6ZCP;6ZCQ;6ZCR;6ZCS;6ZCU;6ZCX;6ZCY;7Q5T;7Q5U;7Q5W;7Q63;7SA7;8BI2;
P45983,Human,427,1995-11-01,48296,1UKH;1UKI;2G01;2GMX;2H96;2NO3;2XRW;2XS0;3ELJ;3O17;3O2M;3PZE;3V3V;3VUD;3VUG;3VUH;3VUI;3VUK;3VUL;3VUM;4AWI;4E73;4G1W;4HYS;4HYU;4IZY;4L7F;4QTD;4UX9;4YR8;5LW1;6F5E;6ZR5;
P45984,Human,424,1995-11-01,48139,3E7O;3NPC;7CML;7N8T;8ELC;
P45985,Human,399,1995-11-01,44288,3ALN;3ALO;3VUT;
P46734,Human,347,1995-11-01,39318,
P46892,Rat,436,1995-11-01,49547,
P47196,Rat,480,1996-02-01,55735,
P47197,Rat,481,1996-02-01,55543,
P47809,Mouse,397,1996-02-01,44114,
P47810,Mouse,646,1996-02-01,71578,
P47811,Mouse,360,1996-02-01,41287,1LEW;1LEZ;1YW2;1YWR;2EWA;2GHL;2GHM;2GTM;2GTN;2OZA;2PUU;3P4K;3P5K;3P78;3P79;3P7A;3P7B;3P7C;3PY3;3TG1;4KA3;4LOO;4LOP;4LOQ;4TYH;5LAR;5NZZ;5O90;5R8U;5R8V;5R8W;5R8X;5R8Y;5R8Z;5R90;5R91;5R92;5R93;5R94;5R95;5R96;5R97;5R98;5R99;5R9A;5R9B;5R9C;5R9D;5R9E;5R9F;5R9G;5R9H;5R9I;5R9J;5R9K;5R9L;5R9M;5R9N;5R9O;5R9P;5R9Q;5R9R;5R9S;5R9T;5R9U;5R9V;5R9W;5R9X;5R9Y;5R9Z;5RA0;5RA1;5RA2;5RA3;5RA4;5RA5;5RA6;5RA7;5RA8;5RA9;5UOJ;6SO1;6SO2;6SO4;6SOD;6SOI;6SOT;6SOU;6SOV;6SP9;6SPL;6Y4T;6Y4U;6Y4V;6Y4W;6Y4X;6Y6V;6Y7W;6Y7X;6Y7Y;6Y7Z;6Y80;6Y81;6Y82;6Y85;6Y8H;6YCU;6YCW;6YJC;6YK7;6ZWR;7BDO;7BDQ;7BE4;7BE5;7PVU;7Z6I;7Z9T;8EFJ;
P48025,Mouse,629,1996-02-01,71376,2LCT;2MC1;
P48609,Fruit fly,294,1996-02-01,33180,
P48729,Human,337,1996-02-01,38915,5FQD;6GZD;7WTT;
P48730,Human,415,1996-02-01,47330,3UYS;3UYT;3UZP;4HGT;4HNF;4KB8;4KBA;4KBC;4KBK;4TN6;4TW9;4TWC;5IH4;5IH5;5IH6;5MQV;5OKT;5W4W;6F1W;6F26;6GZM;6HMP;6HMR;6PXN;6PXO;6PXP;6RCG;6RCH;6RU6;6RU7;6RU8;7NZY;7P7F;7P7G;7P7H;7QR9;7QRA;7QRB;8D7M;8D7N;8D7O;8D7P;
P49025,Mouse,2055,1996-02-01,235389,
P49137,Human,400,1996-02-01,45568,1KWP;1NXK;1NY3;2JBO;2JBP;2OKR;2ONL;2OZA;2P3G;2PZY;3A2C;3FPM;3FYJ;3FYK;3GOK;3KA0;3KC3;3KGA;3M2W;3M42;3R2B;3R2Y;3R30;3WI6;4TYH;6T8X;6TCA;7NRY;
P49138,Mouse,386,1996-02-01,44050,
P49139,Rabbit,366,1996-02-01,42124,
P49185,Rat,411,1996-02-01,46807,
P49186,Rat,423,1996-02-01,48017,
P49187,Rat,464,1996-02-01,52532,
P49336,Human,464,1996-02-01,53284,3RGF;4CRL;4F6S;4F6U;4F6W;4F70;4F7J;4F7L;4F7N;4F7S;4G6L;5BNJ;5CEI;5FGK;5HBE;5HBH;5HBJ;5HNB;5HVY;5I5Z;5ICP;5IDN;5IDP;5XQX;5XS2;6QTG;6QTJ;6R3S;6T41;6TPA;6Y0A;
P49615,Mouse,292,1996-02-01,33288,
P49657,Fruit fly,908,1996-02-01,95903,
P49674,Human,416,1996-02-01,47315,4HNI;4HOK;
P49759,Human,484,1996-10-01,57291,1Z57;2VAG;5J1V;5J1W;5X8I;6FT8;6FT9;6FYO;6G33;6I5H;6I5I;6I5K;6I5L;6KHD;6Q8K;6Q8P;6QTY;6R3D;6R6E;6R6X;6R8J;6RAA;6TW2;6YTA;6YTD;6YTE;6YTG;6YTI;6Z4Z;6Z50;6ZLN;7AK3;7O9Y;7OA0;7OPG;8P04;8P08;
P49760,Human,499,1996-10-01,60090,3NR9;5UNP;6FYI;6FYK;6FYL;6KHE;
P49761,Human,638,1996-10-01,73515,2EU9;2EXE;2WU6;2WU7;3RAW;6FT7;6FYP;6FYR;6KHF;6RCT;6YTW;6YTY;6YU1;6Z2V;6Z51;6Z52;6Z53;6Z54;6Z55;
P49762,Fruit fly,832,1996-10-01,95723,
P49840,Human,483,1996-10-01,50981,7SXF;7SXG;
P49841,Human,420,1996-10-01,46744,1GNG;1H8F;1I09;1J1B;1J1C;1O6K;1O6L;1O9U;1PYX;1Q3D;1Q3W;1Q41;1Q4L;1Q5K;1R0E;1UV5;2JDO;2JDR;2JLD;2O5K;2OW3;2UW9;2X39;2XH5;3CQU;3CQW;3DU8;3E87;3E88;3E8D;3F7Z;3F88;3GB2;3I4B;3L1S;3M1S;3MV5;3OW4;3PUP;3Q3B;3QKK;3SAY;3SD0;3ZDI;3ZRK;3ZRL;3ZRM;4ACC;4ACD;4ACG;4ACH;4AFJ;4B7T;4DIT;4EKK;4IQ6;4J1R;4J71;4NM0;4NM3;4NM5;4NM7;4PTC;4PTE;4PTG;5F94;5F95;5HLN;5HLP;5K5N;5KPK;5KPL;5KPM;5OY4;5T31;6B8J;6BUU;6GJO;6GN1;6H0U;6HK3;6HK4;6HK7;6NPZ;6TCU;6V6L;6Y9R;6Y9S;7B6F;7OY5;7SXH;7SXJ;7U2Z;7U31;7U33;7U36;7Z1F;7Z1G;8AUZ;8AV1;8DJC;8DJD;8DJE;8FF8;
P50545,Rat,524,1996-10-01,59154,
P50613,Human,346,1996-10-01,39038,1UA2;6O9L;6XBZ;6XD3;7B5O;7B5Q;7EGB;7EGC;7ENA;7ENC;7LBM;7NVR;8BVW;8BYQ;8GXQ;8GXS;8ORM;8P4Z;8P6V;8P6Y;
P50750,Human,372,1996-10-01,42778,3BLH;3BLQ;3BLR;3LQ5;3MI9;3MIA;3MY1;3TN8;3TNH;3TNI;4BCF;4BCG;4BCH;4BCI;4BCJ;4EC8;4EC9;4IMY;4OGR;4OR5;5L1Z;6CYT;6GZH;6W9E;6Z45;7NWK;
P51451,Human,505,1996-10-01,57706,
P51617,Human,712,1996-10-01,76537,6BFN;
P51812,Human,740,1996-10-01,83736,4D9T;4D9U;4JG6;4JG7;4JG8;4NUS;4NW5;4NW6;5D9K;5D9L;7OPO;8EQ5;
P51813,Human,675,1996-10-01,78011,2EKX;2YS2;3SXR;3SXS;6I99;
P51817,Human,358,1996-10-01,40896,
P51952,Rat,329,1996-10-01,37141,
P51954,Mouse,1203,1996-10-01,136690,
P51955,Human,445,1996-10-01,51763,2JAV;2W5A;2W5B;2W5H;2WQO;2XK3;2XK4;2XK6;2XK7;2XK8;2XKC;2XKD;2XKE;2XKF;2XNM;2XNN;2XNO;2XNP;4A4X;4AFE;5M51;5M53;5M55;5M57;6SGD;6SGH;6SGI;6SGK;6SK9;6TM5;
P51956,Human,506,1996-10-01,57705,
P51957,Human,841,1996-10-01,94597,
P52304,Fruit fly,576,1996-10-01,66974,
P52332,Mouse,1153,1996-10-01,133367,7T6F;
P52333,Human,1124,1996-10-01,125099,1YVJ;3LXK;3LXL;3PJC;3ZC6;3ZEP;4HVD;4HVG;4HVH;4HVI;4I6Q;4QPS;4QT1;4RIO;4V0G;4Z16;5LWM;5LWN;5TOZ;5TTS;5TTU;5TTV;5VO6;5W86;5WFJ;6AAK;6DA4;6DB3;6DB4;6DUD;6GL9;6GLA;6GLB;6HZV;6NY4;7APF;7APG;7C3N;7Q6H;7UYV;8EXM;
P52564,Human,334,1996-10-01,37492,2Y8O;3ENM;3FME;3VN9;5ETF;8A8M;8P7J;8PM3;
P53349,Mouse,1493,1996-10-01,161289,
P53350,Human,603,1996-10-01,68255,1Q4K;1Q4O;1UMW;2OGQ;2OJX;2OU7;2OWB;2RKU;2V5Q;2YAC;3BZI;3C5L;3FC2;3FVH;3HIH;3HIK;3KB7;3P2W;3P2Z;3P34;3P35;3P36;3P37;3Q1I;3RQ7;3THB;4A4L;4A4O;4DFW;4E67;4E9C;4E9D;4H5X;4H71;4HAB;4HCO;4HY2;4J52;4J53;4LKL;4LKM;4O56;4O6W;4O9W;4RCP;4WHH;4WHK;4WHL;4X9R;4X9V;4X9W;5J19;5NEI;5NFU;5NJE;5NMM;5NN1;5NN2;5TA6;5TA8;6AX4;6GY2;7MSO;7MX1;8BJT;8CRC;8JOQ;8JOY;
P53351,Mouse,682,1996-10-01,77812,
P53355,Human,1430,1996-10-01,160046,1IG1;1JKK;1JKL;1JKS;1JKT;1P4F;1WVW;1WVX;1WVY;1YR5;2W4J;2W4K;2X0G;2XUU;2XZS;2Y0A;2Y4P;2Y4V;2YAK;3DFC;3DGK;3EH9;3EHA;3F5G;3F5U;3GU4;3GU5;3GU6;3GU7;3GU8;3GUB;3ZXT;4B4L;4PF4;4TL0;4TXC;4UV0;4YO4;4YPD;5AUT;5AUU;5AUV;5AUW;5AUX;5AUY;5AUZ;5AV0;5AV1;5AV2;5AV3;5AV4;6AAR;6FHA;6FHB;6GY5;6IN4;6QMO;6QN4;7CCU;7CCV;7CCW;8IE5;8IE6;8IE7;8IE8;
P53667,Human,647,1996-10-01,72585,3S95;5HVJ;5HVK;5L6W;5NXC;6WLY;7ATS;7ATU;7B8W;8AAU;
P53668,Mouse,647,1996-10-01,72793,
P53669,Rat,647,1996-10-01,72594,
P53670,Rat,638,1996-10-01,72202,
P53671,Human,638,1996-10-01,72232,1X6A;4TPT;5NXD;7QHG;
P53767,Rat,1336,1996-10-01,150250,
P53778,Human,367,1996-10-01,41940,1CM8;4QUM;6UNA;7CGA;
P53779,Human,464,1996-10-01,52585,1JNK;1PMN;1PMU;1PMV;2B1P;2EXC;2O0U;2O2U;2OK1;2P33;2R9S;2WAJ;2ZDT;2ZDU;3CGF;3CGO;3DA6;3FI2;3FI3;3FV8;3G90;3G9L;3G9N;3KVX;3OXI;3OY1;3PTG;3RTP;3TTI;3TTJ;3V6R;3V6S;4H36;4H39;4H3B;4KKE;4KKG;4KKH;4U79;4W4V;4W4W;4W4X;4W4Y;4WHZ;4X21;4Y46;4Y5H;4Z9L;6EKD;6EMH;6EQ9;7KSI;7KSJ;7KSK;7ORE;7ORF;7S1N;7YL1;8BZP;
P54265,Mouse,631,1996-10-01,69602,
P54350,Fruit fly,609,1996-10-01,68809,
P54367,Fruit fly,337,1996-10-01,39535,
P54645,Rat,559,1996-10-01,63973,2V8Q;2V92;2V9J;2Y8L;2Y8Q;2YA3;4CFH;4EAI;4EAJ;4EAK;4EAL;4F2L;4QFG;4QFR;4QFS;5KQ5;5T5T;5UFU;6E4T;6E4U;6E4W;
P54646,Human,552,1996-10-01,62320,2H6D;2LTU;2YZA;3AQV;4CFE;4CFF;4ZHX;5EZV;5ISO;6B1U;6B2E;6BX6;7MYJ;
P54753,Human,998,1996-10-01,110330,3P1I;3ZFY;5L6O;5L6P;
P54754,Mouse,993,1996-10-01,109662,
P54755,Chicken,1013,1996-10-01,112246,
P54756,Human,1037,1996-10-01,114803,2R2P;4ET7;
P54757,Rat,1005,1996-10-01,111007,
P54759,Rat,998,1996-10-01,111953,
P54760,Human,987,1996-10-01,108270,2BBA;2E7H;2HLE;2QKQ;2VWU;2VWV;2VWW;2VWX;2VWY;2VWZ;2VX0;2VX1;2X9F;2XVD;2YN8;3ZEW;4AW5;4BB4;6FNI;6FNJ;6FNK;6FNL;6FNM;
P54761,Mouse,987,1996-10-01,108848,
P54762,Human,984,1996-10-01,109885,2DJS;2EAO;3ZFX;5MJA;5MJB;6UMW;7KPL;7KPM;
P54763,Mouse,986,1996-10-01,109899,1JPA;1KGY;1NUK;1SHW;2HEN;3ETP;7S7K;
P54764,Human,986,1996-10-01,109860,2LW8;2WO1;2WO2;2WO3;3CKH;3GXU;4BK4;4BK5;4BKA;4BKF;4M4P;4M4R;4W4Z;4W50;5JR2;7OFV;
P55144,Mouse,880,1996-10-01,96208,3QUP;4FEQ;4FF8;
P55146,Rat,880,1996-10-01,95919,
P57059,Human,783,2000-12-01,84902,
P57078,Human,832,2000-12-01,91611,
P57097,Rat,994,2000-12-01,109423,
P57760,Rat,305,2001-02-21,34409,
P58750,Mouse,326,2002-03-27,35970,
P58801,Mouse,539,2002-05-02,60400,
P59241,Rat,397,2003-01-27,44874,
P59895,Rat,313,2003-10-03,35835,
P63085,Mouse,358,2004-09-13,41276,
P63086,Rat,358,2004-09-13,41276,1GOL;2ERK;2FYS;2GPH;2Z7L;3C9W;3ERK;3O71;3QYW;3QYZ;3R63;3ZU7;3ZUV;4ERK;4GSB;4GT3;4GVA;4I5H;4N4S;4QYY;4S2Z;4S30;4S31;4S32;4S33;4S34;4XNE;4XOY;4XOZ;4XP0;4XP2;4XP3;4XRJ;4XRL;5HD4;5HD7;5KE0;5U6I;5UMO;6CPW;6DCG;6FI3;6FI6;6FJ0;6FJB;6FJZ;6FLE;6FLV;6FMA;6FN5;6FQ7;6FR1;6FRP;6FXV;6OPK;6OT6;6OTS;6RFO;6RFP;7UGB;
P63318,Mouse,697,2004-10-11,78358,
P63319,Rat,697,2004-10-11,78358,1TBN;1TBO;
P67828,Rabbit,325,2004-10-11,37567,
P67962,Chicken,337,2004-10-11,38901,
P67998,Rabbit,525,2004-10-11,59109,
P67999,Rat,525,2004-10-11,59132,
P68181,Mouse,351,1987-08-13,40708,
P68182,Rat,351,1987-08-13,40708,
P68400,Human,391,2004-11-23,45144,1JWH;1NA7;1PJK;2PVR;2ZJW;3AMY;3AT2;3AT3;3AT4;3AXW;3BQC;3C13;3FWQ;3H30;3JUH;3MB6;3MB7;3NGA;3NSZ;3OWJ;3OWK;3OWL;3PE1;3PE2;3PE4;3Q04;3Q9W;3Q9X;3Q9Y;3Q9Z;3QA0;3R0T;3RPS;3TAX;3U4U;3U87;3U9C;3W8L;3WAR;3WIK;3WIL;3WOW;4DGL;4FBX;4GRB;4GUB;4GYW;4GYY;4GZ3;4IB5;4KWP;4MD7;4MD8;4MD9;4NH1;4RLL;4UB7;4UBA;5B0X;5CLP;5CQU;5CQW;5CS6;5CSH;5CSP;5CSV;5CT0;5CTP;5CU0;5CU2;5CU3;5CU4;5CU6;5CVF;5CVG;5CVH;5CX9;5H8B;5H8E;5H8G;5HGV;5KU8;5KWH;5M44;5M4C;5M4F;5M4I;5MMF;5MMR;5MO5;5MO6;5MO7;5MO8;5MOD;5MOE;5MOH;5MOT;5MOV;5MOW;5MP8;5MPJ;5N1V;5N9K;5N9L;5N9N;5NQC;5OMY;5ONI;5OQU;5ORH;5ORJ;5ORK;5OS7;5OS8;5OSL;5OSP;5OSR;5OSU;5OSZ;5OT5;5OT6;5OTD;5OTH;5OTI;5OTL;5OTO;5OTP;5OTQ;5OTR;5OTS;5OTY;5OTZ;5OUE;5OUL;5OUM;5OUU;5OWH;5OWL;5OYF;5T1H;5VIE;5VIF;5ZN0;5ZN1;5ZN2;5ZN3;5ZN4;5ZN5;6A1C;6E37;6EHK;6EHU;6EII;6FVF;6FVG;6GIH;6GMD;6HBN;6HME;6HNW;6HNY;6HOP;6HOQ;6HOR;6HOT;6HOU;6JWA;6L1Z;6L21;6L22;6L23;6L24;6Q38;6Q4Q;6QY7;6RB1;6RCB;6RCM;6RFE;6RFF;6SPW;6SPX;6TEI;6TLL;6TLO;6TLP;6TLR;6TLS;6TLU;6TLV;6TLW;6YPG;6YPH;6YPJ;6YPK;6YPN;6YUL;6YUM;6YZH;6Z19;6Z83;6Z84;7A49;7A4B;7A4C;7A4Q;7AT5;7AY9;7AYA;7B8H;7B8I;7BU4;7L1X;7PSU;7QGB;7QGC;7QGD;7QGE;7QUX;7X4H;7Z39;7ZWE;7ZWG;7ZY0;7ZY2;7ZY5;7ZY8;7ZYD;7ZYK;7ZYO;7ZYR;8AE7;8AEC;8AEK;8AEM;8BGC;8P05;8P07;
P68403,Rat,671,1987-08-13,76751,1A25;3PFQ;
P68404,Mouse,671,1987-08-13,76751,
P70218,Mouse,827,2003-03-28,91535,1UTI;
P70236,Mouse,334,1998-07-15,37432,
P70268,Mouse,946,2000-05-30,104411,
P70335,Mouse,1354,2004-05-24,158171,
P70336,Mouse,1388,2004-05-24,160586,
P70424,Mouse,1256,1998-12-15,138579,
P70451,Mouse,823,2006-11-28,94579,
P70507,Rat,575,2004-05-24,66788,
P70531,Rat,724,1998-07-15,81489,
P70539,Rat,493,2005-10-25,54842,
P70600,Rat,1009,1998-07-15,115784,
P70618,Rat,360,1997-11-01,41321,
P78362,Human,688,2005-07-05,77527,2X7G;5MYV;7ZKX;
P78368,Human,415,1998-07-15,47457,2C47;
P80192,Human,1104,1994-02-01,121895,3DTC;4UY9;
P80201,Rat,509,1993-10-01,57195,
P80202,Rat,505,1993-10-01,56805,
P80203,Rat,504,1993-10-01,56703,
P80204,Rat,501,1993-10-01,56000,
P83100,Fruit fly,356,2001-11-02,41969,
P83103,Fruit fly,566,2001-11-02,65323,
P83510,Mouse,1323,2003-04-30,150367,
P83741,Mouse,2377,2004-04-26,250934,
P85051,Rabbit,200,2007-01-09,22896,
P92208,Fruit fly,372,2003-04-30,43027,5AWM;
P97343,Mouse,419,2002-10-19,46489,
P97377,Mouse,346,1999-07-15,38978,
P97477,Mouse,395,2003-01-27,44772,3D14;3D15;3D2I;3D2K;3DAJ;3DJ5;3DJ6;3DJ7;
P97504,Mouse,651,2005-01-04,75001,
P97523,Rat,1382,2001-04-27,153941,
P97633,Rat,325,1999-07-15,37495,
P97711,Rat,576,1998-07-15,65963,
P97756,Rat,505,2004-12-07,55908,1CKK;
P97793,Mouse,1621,2002-03-27,174948,
P97820,Mouse,1233,2003-03-28,140602,
P97874,Rat,1305,1997-11-01,143703,
P97924,Rat,2959,1998-07-15,336587,1U3O;2KR9;5O33;
Q00168,Fruit fly,530,2004-04-26,59920,5FG8;5H9B;5HU3;
Q00342,Mouse,1000,1993-04-01,113496,
Q00495,Rat,978,1993-04-01,109264,
Q00526,Human,305,1993-04-01,35046,7XQK;8H4R;
Q00532,Human,357,1993-04-01,41701,4AGU;
Q00534,Human,326,1993-04-01,36938,1BI7;1BI8;1BLX;1G3N;1JOW;1XO2;2EUF;2F2C;3NUP;3NUX;4AUA;4EZ5;4TTH;5L2I;5L2S;5L2T;6OQL;6OQO;
Q00535,Human,292,1993-04-01,33304,1H4L;1UNG;1UNH;1UNL;3O0G;4AU8;7VDP;7VDQ;7VDR;7VDS;
Q00536,Human,496,1993-04-01,55716,3MTL;5G6V;
Q00537,Human,523,1993-04-01,59582,
Q00944,Chicken,1053,1993-04-01,119207,1KTM;1PV3;1QVX;2AEH;2AL6;2J0J;2J0K;2J0L;2J0M;2JKK;2JKM;2JKO;2JKQ;2L6F;2L6G;2L6H;3ZDT;4BRX;4C7T;4CYE;4D4R;4D4S;4D4V;4D4Y;4D55;4D58;4D5H;4D5K;6CB0;6GCR;6GCW;6GCX;6TY3;6TY4;
Q00993,Mouse,888,1993-04-01,98191,
Q01279,Mouse,1210,1996-02-01,134853,
Q01621,Rat,509,1994-06-01,57890,
Q01887,Mouse,594,1994-02-01,66285,
Q01973,Human,937,2001-04-27,104283,5Z55;6BA5;6BAN;6TU9;7TNG;
Q01974,Human,943,2001-04-27,104757,3ZZW;4GT4;6OSH;6OSN;6OSV;
Q01986,Rat,393,1993-04-01,43465,
Q02111,Mouse,707,1993-07-01,81573,4FKD;
Q02156,Human,737,1993-07-01,83674,2WH0;5LIH;
Q02750,Human,393,1993-07-01,43439,1S9J;2P55;3DV3;3DY7;3E8N;3EQB;3EQC;3EQD;3EQF;3EQG;3EQH;3EQI;3MBL;3ORN;3OS3;3PP1;3SLS;3V01;3V04;3VVH;3W8Q;3WIG;3ZLS;3ZLW;3ZLX;3ZLY;3ZM4;4AN2;4AN3;4AN9;4ANB;4ARK;4LMN;4MNE;4U7Z;4U80;4U81;5BX0;5EYM;5HZE;5YT3;6NYB;6PP9;6Q0J;6Q0T;6U2G;6V2W;6X2P;6X2S;6X2X;7B3M;7B7R;7B94;7B9L;7F2X;7M0T;7M0U;7M0V;7M0W;7M0X;7M0Y;7M0Z;7MFD;7PQV;7UMB;7XLP;7XNC;8DGS;8DGT;
Q02763,Human,1124,1994-02-01,125830,1FVR;2GY5;2GY7;2OO8;2OSC;2P4I;2WQB;3BEA;3L8P;4K0V;4X3J;5MYA;5MYB;5UTK;6MWE;7E72;
Q02779,Human,954,1994-02-01,103694,2RF0;
Q02858,Mouse,1122,1994-02-01,125701,
Q02956,Mouse,592,1993-07-01,67682,
Q02977,Chicken,536,1994-02-01,60002,
Q03042,Fruit fly,768,1993-07-01,86759,
Q03043,Fruit fly,1088,1993-07-01,121341,
Q03114,Rat,292,1993-10-01,33254,
Q03137,Mouse,986,1994-10-01,109814,1B0X;2HEL;2XYU;2Y6M;2Y6O;
Q03141,Mouse,753,1994-10-01,84390,1UL7;1V5S;
Q03142,Mouse,799,1994-10-01,88661,
Q03145,Mouse,977,1994-10-01,108852,5ZRX;
Q03146,Mouse,911,1994-10-01,101161,
Q03147,Mouse,346,1994-10-01,38968,
Q03351,Rat,864,1993-10-01,97064,
Q03526,Mouse,625,1995-02-01,72292,1AWJ;1LUI;1LUK;1LUM;1LUN;2ETZ;2EU0;2K79;2K7A;2RN8;2RNA;3S9K;
Q03963,Mouse,515,1994-06-01,58280,1X48;1X49;
Q04589,Rat,822,1994-06-01,91825,
Q04735,Mouse,496,1993-10-01,55914,
Q04736,Mouse,541,1993-10-01,60630,2YT6;5MTJ;
Q04759,Human,706,1993-10-01,81865,1XJD;2ENJ;2ENN;2ENZ;2JED;4Q9Z;4RA5;5F9E;
Q04771,Human,509,1994-02-01,57153,3H9R;3MTF;3OOM;3Q4U;4BGG;4C02;4DYM;5OXG;5OY6;5S75;5S76;5S77;5S78;5S79;5S7A;5S7B;5S7C;5S7D;5S7E;5S7F;5S7G;5S7H;5S7I;5S7J;5S7K;5S7L;5S7M;5S7N;5S7O;5S7P;5S7Q;5S7R;5S7S;5S7T;5S7U;5S7V;5S7W;5S7X;5S7Y;5S7Z;5S80;5S81;5S82;5S83;5S84;5S85;5S86;5S87;5S88;5S89;5S8A;5S8B;5S9K;6ACR;6EIX;6GI6;6GIN;6GIP;6I1S;6JUX;6SRH;6SZM;6T6D;6T8N;6TN8;6UNQ;6UNR;6UNS;6Z36;6ZGC;7A21;7C3G;7NNS;7YRU;8C7W;8C7Z;
Q04859,Mouse,622,1994-02-01,70080,
Q04912,Human,1400,1994-10-01,152241,3PLS;4FWW;4QT8;
Q04982,Chicken,766,1994-02-01,84756,
Q05030,Rat,1097,1997-11-01,122828,
Q05397,Human,1052,1994-02-01,119233,1K04;1K05;1MP8;1OW6;1OW7;1OW8;2ETM;2IJM;3B71;3BZ3;3PXK;3S9O;4EBV;4EBW;4GU6;4GU9;4I4E;4I4F;4K8A;4K9Y;4KAB;4KAO;4NY0;4Q9S;6I8Z;6LES;6PW8;6YOJ;6YQ1;6YR9;6YT6;6YVS;6YVY;6YXV;7PI4;7W7Z;7W8B;7W8I;7W9U;
Q05438,Chicken,502,1996-10-01,56766,
Q05512,Mouse,776,1995-02-01,86306,
Q05513,Human,592,1994-02-01,67660,
Q05652,Fruit fly,501,1994-10-01,56160,1D2Z;1IK7;1YGO;
Q05655,Human,676,1994-06-01,77505,1YRK;2YUU;
Q05823,Human,741,1995-11-01,83533,1WDY;4G8K;4G8L;4OAU;4OAV;
Q05876,Chicken,534,1994-02-01,60265,2L2P;2LP5;3CQT;
Q05921,Mouse,735,1995-11-01,83275,
Q06187,Human,659,1994-06-01,76281,1AWW;1AWX;1B55;1BTK;1BWN;1K2P;1QLY;2GE9;2Z0P;3GEN;3K54;3OCS;3OCT;3P08;3PIX;3PIY;3PIZ;3PJ1;3PJ2;3PJ3;4NWM;4OT5;4OT6;4OTF;4OTQ;4OTR;4RFY;4RFZ;4RG0;4RX5;4YHF;4Z3V;4ZLY;4ZLZ;5BPY;5BQ0;5FBN;5FBO;5J87;5JRS;5KUP;5P9F;5P9G;5P9H;5P9I;5P9J;5P9K;5P9L;5P9M;5T18;5U9D;5VFI;5VGO;5XYZ;5ZZ4;6AUA;6AUB;6BIK;6BKE;6BKH;6BKW;6BLN;6DI0;6DI1;6DI3;6DI5;6DI9;6E4F;6EP9;6HRP;6HRT;6HTF;6J6M;6N9P;6NFH;6NFI;6NZM;6O8I;6OMU;6S90;6TFP;6TSE;6TT2;6TUH;6TVN;6VXQ;6W06;6W07;6W7O;6W8I;6X3N;6X3O;6X3P;6XE4;6YYF;6YYG;6YYK;7KXL;7KXM;7KXN;7KXO;7KXP;7KXQ;7L5O;7L5P;7LTY;7LTZ;7N4Q;7N4R;7N4S;7N5O;7N5R;7N5X;7N5Y;7R60;7R61;7YC9;8DSO;8E2M;8EJB;8FLG;8FLH;8FLL;8FLN;8FLV;
Q06226,Rat,430,1995-02-01,48927,
Q06418,Human,890,1996-10-01,96905,1RHF;
Q06486,Rat,415,1994-06-01,47316,1CKI;1CKJ;
Q06806,Mouse,1134,1995-02-01,124583,
Q07002,Human,474,1994-06-01,54424,
Q07014,Rat,512,1994-06-01,58660,
Q07174,Mouse,467,1995-02-01,52942,
Q07407,Fruit fly,729,1995-11-01,82586,
Q07494,Chicken,984,2000-05-30,109558,
Q07496,Chicken,986,1997-11-01,109483,
Q07498,Chicken,988,2000-12-01,109579,
Q07832,Mouse,603,1995-02-01,68301,5DMS;5DMV;5DNJ;5X3S;
Q07912,Human,1038,2003-10-24,114569,1CF4;1U46;1U4D;1U54;3EQP;3EQR;4EWH;4HZR;4HZS;4ID7;5ZXB;6VQM;7KP6;8FE9;8FZ3;8THA;
Q08156,Chicken,960,1995-02-01,107312,
Q08345,Human,913,1995-02-01,101128,3ZOS;4AG4;4BKJ;4CKR;5BVK;5BVN;5BVO;5BVW;5FDP;5FDX;5SAU;5SAV;5SAW;5SAX;5SAY;5SAZ;5SB0;5SB1;5SB2;6BRJ;6BSD;6FEW;6FEX;6FIL;6FIN;6FIO;6FIQ;6GWR;6HP9;6Y23;7BCM;7BE6;7FEH;8PE9;
Q08881,Human,620,1994-10-01,71831,1SM2;1SNU;1SNX;2E6I;2LMJ;2YUQ;3MIY;3MJ1;3MJ2;3QGW;3QGY;3T9T;3V5J;3V5L;3V8T;3V8W;4HCT;4HCU;4HCV;4KIO;4L7S;4M0Y;4M0Z;4M12;4M13;4M14;4M15;4MF0;4MF1;4PP9;4PPA;4PPB;4PPC;4PQN;4QD6;4RFM;
Q09013,Human,629,1996-10-01,69385,1WT6;2VD5;
Q09137,Rat,552,1995-02-01,62258,
Q09147,Fruit fly,1052,1995-11-01,117813,
Q09YN5,Rabbit,1382,2006-11-28,153973,
Q0GGW5,Chicken,440,2006-11-14,49793,
Q0KHQ5,Fruit fly,1039,2016-07-06,118298,
Q0KHV6,Fruit fly,721,2021-04-07,80228,
Q12851,Human,820,2003-02-28,91556,
Q12852,Human,859,2001-09-26,93219,5CEN;5CEO;5CEP;5CEQ;5VO1;5VO2;8DEG;8OUR;8OUS;8OUT;
Q12866,Human,999,2000-12-01,110249,2DBJ;2P0C;3BPR;3BRB;3TCP;4M3Q;4MH7;4MHA;5K0K;5K0X;5TC0;5TD2;5U6C;6MEP;7AAX;7AAY;7AAZ;7AB0;7AB1;7AB2;7AVX;7AVY;7AVZ;7AW0;7AW1;7AW2;7AW3;7AW4;7CQE;7DXL;7M5Z;7OAM;7OLS;7OLV;7OLX;7XHY;
Q13043,Human,487,2001-02-21,55630,2JO8;3COM;4NR2;4OH8;5TWG;5TWH;6YAT;8A5J;
Q13131,Human,559,1998-07-15,64009,4RED;4RER;4REW;5EZV;6C9F;6C9G;6C9H;6C9J;7JHG;7JHH;7JIJ;7M74;
Q13153,Human,545,1997-11-01,60647,1F3M;1YHV;1YHW;1ZSG;2HY8;2QME;3DVP;3FXZ;3FY0;3Q4Z;3Q52;3Q53;4DAW;4EQC;4O0R;4O0T;4P90;4ZJI;4ZJJ;4ZLO;4ZY4;4ZY5;4ZY6;5DEW;5DEY;5DFP;5IME;5KBQ;5KBR;6B16;7VTO;
Q13163,Human,448,1997-11-01,50112,2NPT;2O2V;4IC7;
Q13164,Human,816,1997-11-01,88386,2Q8Y;4B99;4IC7;4IC8;4ZSG;4ZSJ;4ZSL;5BYY;5BYZ;5O7I;6HKM;6HKN;7PUS;
Q13177,Human,524,1997-11-01,58043,3PCS;
Q13188,Human,491,2001-02-21,56301,3WWS;4HKD;4L0N;4LG4;4LGD;4OH9;5BRM;5DH3;6AO5;6AR2;8A66;
Q13233,Human,1512,1997-11-01,164470,6WHB;
Q13237,Human,762,2000-05-30,87432,5BV6;5C6C;5C8W;5JIX;5JIZ;6BQ8;
Q13308,Human,1070,2000-05-30,118392,6VG3;
Q13418,Human,452,2000-12-01,51419,2KBX;3F6Q;3IXE;3KMU;3KMW;3REP;4HI8;4HI9;6MIB;
Q13464,Human,1354,2004-05-24,158175,1S1C;2ESM;2ETK;2ETR;2V55;3D9V;3NCZ;3NDM;3O0Z;3TV7;3TWJ;3V8S;4L2W;4W7P;4YVC;4YVE;5BML;5F5P;5HVU;5KKS;5KKT;5UZJ;5WNE;5WNF;5WNG;5WNH;6E9W;7JOU;7S25;7S26;8P0S;
Q13470,Human,666,2005-02-15,72468,7T8J;7TCY;7TDY;7U4W;7U4Z;
Q13523,Human,1007,1998-07-15,116987,4IAN;4IFC;4IIR;4IJP;6CNH;6PJJ;6PK6;6QX9;
Q13546,Human,671,1997-11-01,75931,4ITH;4ITI;4ITJ;4NEU;5HX6;5TX5;5V7Z;6AC5;6C3E;6C4D;6HHO;6NW2;6NYH;6OCQ;6R5F;6RLN;7CJB;7FCZ;7FD0;7XMK;7YDX;
Q13554,Human,666,1997-11-01,72678,3BHH;7URW;7URY;7URZ;
Q13555,Human,558,1997-11-01,62607,2UX0;2V7O;
Q13557,Human,499,1997-11-01,56369,2VN9;2W2C;2WEL;3GP2;5VLO;6AYW;7ZRP;7ZRQ;
Q13627,Human,763,1997-11-01,85584,2VX3;2WO6;3ANQ;3ANR;4AZE;4MQ1;4MQ2;4NCT;4YLJ;4YLK;4YLL;4YU2;5A3X;5A4E;5A4L;5A4Q;5A4T;5A54;5AIK;6A1F;6A1G;6EIF;6EIJ;6EIL;6EIP;6EIQ;6EIR;6EIS;6EIV;6EJ4;6LN1;6QU2;6S11;6S14;6S17;6S1B;6S1H;6S1I;6S1J;6T6A;6UIP;6UWY;6YF8;7A4O;7A4R;7A4S;7A4W;7A4Z;7A51;7A52;7A53;7A55;7A5B;7A5D;7A5L;7A5N;7AJ2;7AJ4;7AJ5;7AJ7;7AJ8;7AJA;7AJM;7AJS;7AJV;7AJW;7AJY;7AK2;7AKA;7AKB;7AKE;7AKL;7FHS;7FHT;7O7K;7OY6;7Z5N;7ZH8;
Q13705,Human,512,1997-11-01,57724,2H62;2QLU;4FAO;5NGV;5NHR;7MRZ;7OLY;
Q13873,Human,1038,2000-12-01,115201,2HLQ;3G2F;6UNP;7PPA;7PPB;7PPC;7U5O;
Q13882,Human,451,2000-12-01,51834,1RJA;2KGT;5D7V;5DA3;5H2U;6CZ2;6CZ3;6CZ4;
Q13976,Human,671,2000-05-30,76364,1ZXA;3NMD;3OCP;3OD0;3OGJ;4KU7;4KU8;4QX5;4QXK;4R4L;4R4M;4Z07;5J48;5JAX;5JD7;5L0N;6BDL;6BG2;6C0T;7LV3;7MBJ;7SSB;7T4T;7T4U;7T4V;7T4W;
Q14004,Human,1512,2000-12-01,164923,5EFQ;7NXJ;
Q14012,Human,370,1998-07-15,41337,4FG7;4FG8;4FG9;4FGB;
Q14164,Human,716,2001-06-20,80462,
Q14289,Human,1009,1998-07-15,115875,2LK4;3CC6;3ET7;3FZO;3FZP;3FZR;3FZS;3FZT;3GM1;3GM2;3GM3;3H3C;3U3F;4EKU;4H1J;4H1M;4R32;4XEF;4XEK;4XEV;5TO8;5TOB;6LF3;7PLL;
Q14680,Human,651,2004-07-19,74642,4BKY;4BKZ;4BL1;4D2P;4D2T;4D2V;4D2W;4IXP;4UMP;4UMQ;4UMR;4UMT;4UMU;5IH8;5IH9;5IHA;5IHC;5K00;5M5A;5MAF;5MAG;5MAH;5MAI;5TVT;5TWL;5TWU;5TWY;5TWZ;5TX3;6GVX;6VXR;
Q14AX6,Mouse,1484,2008-01-15,163681,
Q15131,Human,360,2000-05-30,41038,
Q15139,Human,912,1997-11-01,101704,
Q15208,Human,465,2004-12-21,54190,1PSB;6BXI;
Q15303,Human,1308,1998-12-15,146808,2AHX;2L2T;2LCX;2R4B;3BBT;3BBW;3BCE;3U2P;3U7U;3U9U;
Q15349,Human,733,1998-12-15,83239,
Q15375,Human,998,1997-11-01,112097,2REI;3DKO;3H8M;3NRU;7EEC;7EED;7EEF;
Q15418,Human,735,1998-12-15,82723,2WNT;2Z7Q;2Z7R;2Z7S;3RNY;3TEI;4H3P;4NIF;5CSF;5CSI;5CSJ;5CSN;5N7D;5N7F;5N7G;5V61;5V62;6TWY;7P74;7PC8;7QQL;
Q15569,Human,626,1997-11-01,67684,
Q15746,Human,1914,1998-07-15,210715,2CQV;2K0F;2YR3;5JQA;5JTH;6C6M;
Q15759,Human,364,1997-11-01,41357,3GC8;3GC9;3GP0;
Q15831,Human,433,1998-07-15,48636,2WTK;4ZDR;5WXN;
Q15835,Human,563,1997-11-01,63526,5AFP;
Q16288,Human,839,1997-11-01,94428,1WWC;3V5Q;4YMJ;6KZC;6KZD;
Q16512,Human,942,1999-07-15,103932,1CXZ;1URF;2RMK;4NKG;4OTD;4OTG;4OTH;4OTI;
Q16513,Human,984,2000-05-30,112035,4CRS;4RRV;6CCY;6GBE;
Q16539,Human,360,1997-11-01,41293,1A9U;1BL6;1BL7;1BMK;1DI9;1IAN;1KV1;1KV2;1M7Q;1OUK;1OUY;1OVE;1OZ1;1R39;1R3C;1W7H;1W82;1W83;1W84;1WBN;1WBO;1WBS;1WBT;1WBV;1WBW;1WFC;1YQJ;1ZYJ;1ZZ2;1ZZL;2BAJ;2BAK;2BAL;2BAQ;2FSL;2FSM;2FSO;2FST;2GFS;2I0H;2LGC;2NPQ;2OKR;2ONL;2QD9;2RG5;2RG6;2Y8O;2YIS;2YIW;2YIX;2ZAZ;2ZB0;2ZB1;3BV2;3BV3;3BX5;3C5U;3CTQ;3D7Z;3D83;3DS6;3DT1;3E92;3E93;3FC1;3FI4;3FKL;3FKN;3FKO;3FL4;3FLN;3FLQ;3FLS;3FLW;3FLY;3FLZ;3FMH;3FMJ;3FMK;3FML;3FMM;3FMN;3FSF;3FSK;3GC7;3GCP;3GCQ;3GCS;3GCU;3GCV;3GFE;3GI3;3HA8;3HEC;3HEG;3HL7;3HLL;3HP2;3HP5;3HRB;3HUB;3HUC;3HV3;3HV4;3HV5;3HV6;3HV7;3HVC;3IPH;3ITZ;3IW5;3IW6;3IW7;3IW8;3K3I;3K3J;3KF7;3KQ7;3L8S;3L8X;3LFA;3LFB;3LFC;3LFD;3LFE;3LFF;3LHJ;3MGY;3MH0;3MH1;3MH2;3MH3;3MPA;3MPT;3MVL;3MVM;3MW1;3NEW;3NNU;3NNV;3NNW;3NNX;3NWW;3O8P;3O8T;3O8U;3OBG;3OBJ;3OC1;3OCG;3OD6;3ODY;3ODZ;3OEF;3PG3;3QUD;3QUE;3RIN;3ROC;3S3I;3S4Q;3U8W;3UVP;3UVQ;3UVR;3ZS5;3ZSG;3ZSH;3ZSI;3ZYA;4A9Y;4AA0;4AA4;4AA5;4AAC;4DLI;4DLJ;4E5A;4E5B;4E6A;4E6C;4E8A;4EH2;4EH3;4EH4;4EH5;4EH6;4EH7;4EH8;4EH9;4EHV;4EWQ;4F9W;4F9Y;4FA2;4GEO;4KIN;4KIP;4KIQ;4L8M;4R3C;4ZTH;5ETA;5ETC;5ETF;5ETI;5ML5;5MTX;5MTY;5MZ3;5N63;5N64;5N65;5N66;5N67;5N68;5O8U;5O8V;5OMG;5OMH;5TBE;5TCO;5WJJ;5XYX;5XYY;6ANL;6HWT;6HWU;6HWV;6M95;6M9L;6OHD;6QDZ;6QE1;6QYX;6RFO;6SFI;6SFJ;6SFK;6SFO;6TCA;6ZQS;6ZWP;8A8M;
Q16566,Human,473,1997-11-01,51926,2W4O;
Q16584,Human,847,2005-07-19,92688,5K26;5K28;6AQB;6CQ7;
Q16620,Human,822,1997-11-01,91999,1HCF;1WWB;2MFQ;4ASZ;4AT3;4AT4;4AT5;5MO9;
Q16644,Human,382,2005-12-06,42987,3FHR;3FXW;3R1N;3SHE;7NRB;
Q16659,Human,721,1997-11-01,82681,6YKY;6YLC;6YLL;7AQB;
Q16671,Human,573,2000-12-01,62750,7L0J;
Q16816,Human,387,1997-11-01,45024,
Q16832,Human,855,1997-11-01,96736,2WUH;2Z4F;6FER;7AZB;
Q1EG27,Mouse,1305,2007-02-20,148099,5ET0;5ET1;
Q1HKZ5,Mouse,959,2007-02-06,106987,
Q23977,Fruit fly,1178,1997-11-01,125108,
Q24145,Fruit fly,939,2003-07-19,104273,
Q24210,Fruit fly,898,1999-07-15,100911,
Q24324,Fruit fly,396,1997-11-01,43870,
Q24488,Fruit fly,685,2003-01-27,78143,
Q24592,Fruit fly,1177,1997-11-01,135062,
Q27324,Fruit fly,610,2003-01-27,68312,
Q2M2I8,Human,961,2006-10-03,103885,4WSQ;5L4Q;5TE0;8GMC;8GMD;
Q2NL51,Mouse,490,2007-03-20,51661,
Q32MK0,Human,819,2007-01-23,88393,
Q38SD2,Human,2015,2006-05-02,225393,8E04;8E05;8E06;8FAC;
Q3MJK5,Rat,1484,2008-01-15,163790,
Q3TUA9,Mouse,349,2006-11-28,39969,5GZ8;5GZ9;
Q3TYD6,Mouse,1471,2006-10-31,160508,
Q3U3Q1,Mouse,472,2006-09-19,53572,
Q3UFB7,Mouse,799,2007-02-20,87738,
Q3UGM2,Mouse,1111,2007-04-17,126058,
Q3UH66,Mouse,2149,2007-02-20,227527,
Q3UHC2,Mouse,2014,2006-05-02,225470,
Q3UHJ0,Mouse,959,2006-10-03,103346,7LVH;7LVI;7RJ6;7RJ7;7RJ8;
Q3UIZ8,Mouse,795,2007-01-23,86372,
Q3ULB5,Mouse,682,2007-02-20,74867,
Q3UMM4,Mouse,360,2006-11-28,40961,
Q3UMW7,Mouse,384,2005-12-06,43293,
Q3UTQ8,Mouse,938,2007-02-06,105489,
Q3UU96,Mouse,1719,2007-03-20,195536,
Q3UUJ4,Mouse,431,2006-11-14,48236,
Q3UVC0,Mouse,951,2007-05-15,107655,
Q3UVR3,Mouse,1243,2006-05-16,136770,
Q3UYH7,Mouse,688,2006-11-28,79657,
Q3V016,Mouse,616,2007-02-06,69279,
Q3V129,Mouse,1303,2006-09-19,145342,
Q3V3A1,Mouse,433,2007-04-17,48457,
Q496M5,Human,336,2007-03-20,36329,
Q498D6,Rat,800,2006-03-21,88708,
Q4FZD7,Mouse,595,2007-02-06,66055,
Q4G050,Rat,413,2006-03-07,46214,
Q4JIM5,Mouse,1182,2006-10-31,128196,4XLI;
Q4KM34,Rat,346,2005-12-20,38449,
Q4KSH7,Rat,419,2007-01-09,47536,
Q4V8A3,Rat,586,2007-06-26,65511,
Q504Y2,Human,493,2006-11-28,54132,
Q53UA7,Rat,898,2005-10-25,105474,
Q56UN5,Human,1328,2006-04-18,150537,
Q571I4,Mouse,1373,2006-11-28,147945,
Q58A45,Human,887,2007-03-20,95613,
Q59H18,Human,835,2005-11-22,92851,4YFF;4YFI;6B5J;7MGJ;7MGK;
Q5EG47,Mouse,559,2005-09-13,63929,5UFU;
Q5F2E8,Mouse,1001,2005-10-25,116050,
Q5F3L1,Chicken,789,2006-04-18,89040,
Q5GIG6,Mouse,834,2005-11-22,92575,
Q5JZY3,Human,1008,2005-09-27,109716,
Q5MPA9,Rat,767,2010-03-23,84016,
Q5RJI4,Mouse,492,2006-11-28,53841,
Q5RJI5,Mouse,778,2006-11-28,85155,5IRI;
Q5S006,Mouse,2527,2006-01-24,284732,
Q5S007,Human,2527,2006-01-24,286103,2ZEJ;3D6T;5MY9;5MYC;6DLO;6DLP;6OJE;6OJF;6VNO;6VP6;6VP7;6XAF;6XR4;7LHT;7LHW;7LI3;7LI4;7THY;7THZ;
Q5TCX8,Human,1036,2005-07-19,113957,4UYA;
Q5TCY1,Human,1321,2006-05-16,142737,4BTJ;4BTK;4BTM;4NFM;4NFN;7JXX;7JXY;7Q8V;7Q8W;7QHW;7ZHN;7ZHO;7ZHP;7ZHQ;
Q5U2N4,Rat,459,2006-03-07,51574,
Q5U2X5,Rat,1040,2007-12-04,115068,
Q5U4C9,Mouse,599,2007-06-12,66556,
Q5VT25,Human,1732,2005-11-08,197307,
Q5XIS9,Rat,875,2006-11-28,96497,
Q5XJV6,Mouse,1424,2006-10-31,150891,
Q5ZIU3,Chicken,526,2007-06-12,59437,
Q5ZJB4,Chicken,759,2006-12-12,86144,
Q5ZJK4,Chicken,486,2006-07-25,55337,
Q60592,Mouse,1734,2005-03-29,190534,
Q60629,Mouse,876,1997-11-01,97056,5ZRZ;
Q60670,Mouse,779,1997-11-01,85115,
Q60680,Mouse,745,2001-06-01,84729,
Q60700,Mouse,888,2001-09-26,96084,
Q60737,Mouse,391,1998-07-15,45134,
Q60750,Mouse,977,1997-11-01,108578,1X5A;
Q60751,Mouse,1373,1997-11-01,155788,6PYH;8EYR;
Q60805,Mouse,994,2000-12-01,110157,
Q60806,Mouse,631,2001-04-27,70012,
Q60823,Mouse,481,2000-12-01,55742,
Q60855,Mouse,656,1997-11-01,74854,8IB0;
Q60936,Mouse,645,1998-07-15,71743,
Q61006,Mouse,868,2004-07-19,96693,3ML4;
Q61036,Mouse,559,1997-11-01,62398,1EES;
Q61083,Mouse,619,1997-11-01,69574,
Q61084,Mouse,626,1997-11-01,70776,
Q61097,Mouse,873,2004-12-21,96755,1KBE;1KBF;2LPE;
Q61136,Mouse,1007,1998-07-15,116976,
Q61161,Mouse,821,2003-02-28,91265,
Q61214,Mouse,763,1999-07-15,85494,
Q61241,Mouse,365,2003-04-30,41589,
Q61271,Mouse,505,2004-07-05,56700,
Q61288,Mouse,502,1998-07-15,56519,
Q61410,Mouse,762,2000-05-30,87085,
Q61526,Mouse,1339,1998-12-15,147613,
Q61527,Mouse,1308,1998-12-15,146855,
Q61532,Mouse,720,1997-11-01,82199,
Q61772,Mouse,998,1997-11-01,111860,
Q61831,Mouse,464,1997-11-01,52532,
Q61846,Mouse,643,2004-07-19,72729,4BFM;4CQG;
Q61851,Mouse,801,1997-11-01,87758,
Q62070,Mouse,370,2002-03-27,40060,
Q62073,Mouse,579,2000-12-01,64228,
Q62074,Mouse,595,1999-07-15,68203,4DC2;
Q62101,Mouse,918,2001-01-11,102037,
Q62120,Mouse,1132,1997-11-01,130595,2HDX;4GL9;
Q62137,Mouse,1100,1997-11-01,122641,
Q62190,Mouse,1378,2001-04-27,150519,
Q62270,Mouse,496,1997-11-01,55758,
Q62312,Mouse,567,1997-11-01,64219,
Q62371,Mouse,854,1997-11-01,96482,
Q62406,Mouse,710,2001-01-11,77269,
Q62413,Mouse,1035,1997-11-01,116185,5ZRY;
Q62673,Rat,603,2001-01-11,68291,
Q62689,Rat,1132,1997-11-01,130585,
Q62726,Rat,629,2004-06-07,70569,
Q62761,Rat,390,1998-07-15,45127,
Q62762,Rat,415,1998-07-15,47636,
Q62763,Rat,448,1998-07-15,51429,
Q62799,Rat,1339,1998-12-15,147546,
Q62829,Rat,544,1997-11-01,60711,
Q62833,Rat,590,1997-11-01,67783,
Q62838,Rat,868,2004-07-19,96822,1LUF;2IEP;3HKL;
Q62844,Rat,537,2007-04-03,60702,
Q62862,Rat,448,1997-11-01,50198,
Q62868,Rat,1388,2004-05-24,160387,2ROV;2ROW;
Q62893,Rat,557,2000-12-01,59749,
Q62915,Rat,909,1997-11-01,103259,1RSO;6LNM;
Q62925,Rat,1493,1997-11-01,161315,
Q62956,Rat,1308,1998-12-15,146958,
Q63092,Rat,504,2006-09-19,54106,
Q63117,Rat,490,1998-12-15,58485,
Q63132,Rat,2338,2007-02-20,261656,
Q63184,Rat,513,2007-02-06,58259,
Q63185,Rat,620,2000-05-30,69586,
Q63272,Rat,1100,1997-11-01,122726,
Q63285,Rat,419,2002-10-19,46505,
Q63433,Rat,946,2000-05-30,104468,
Q63450,Rat,374,1998-07-15,41638,1A06;1MXE;2L7L;
Q63454,Rat,274,1997-11-01,31162,
Q63470,Rat,763,1999-07-15,85541,
Q63474,Rat,910,1997-11-01,101165,
Q63484,Rat,479,2000-12-01,55796,
Q63531,Rat,735,2000-12-01,82883,
Q63538,Rat,367,1998-07-15,41985,
Q63553,Rat,746,2006-03-07,81627,
Q63562,Rat,467,2001-09-26,52807,
Q63572,Rat,628,1997-11-01,67988,
Q63604,Rat,821,1997-11-01,92186,
Q63644,Rat,1369,2004-05-24,159626,
Q63651,Rat,564,1997-11-01,63769,
Q63686,Rat,496,2004-06-21,55765,
Q63699,Rat,298,1999-07-15,33887,
Q63796,Rat,888,2001-09-26,96308,
Q63802,Rat,646,2001-12-13,71496,
Q63844,Mouse,380,1997-11-01,43066,
Q63932,Mouse,401,1997-11-01,44402,1JKY;
Q640Q5,Mouse,887,2007-03-20,95451,
Q641K5,Mouse,658,2006-01-24,73661,
Q641Z4,Rat,372,2005-02-01,42762,
Q64261,Mouse,326,1997-11-01,37028,
Q64303,Rat,524,1997-11-01,57960,2DF6;
Q64434,Mouse,451,2000-12-01,51972,
Q64595,Rat,762,2000-05-30,87182,4OJK;
Q64617,Rat,683,1997-11-01,77947,
Q64702,Mouse,925,2004-08-16,103746,1MBY;
Q64716,Rat,1300,1997-11-01,144846,
Q64725,Rat,629,1998-07-15,71529,
Q64729,Mouse,503,1999-07-15,56179,
Q66H84,Rat,384,2005-12-06,43222,
Q66HA1,Rat,850,2007-02-20,93109,
Q66HE5,Rat,630,2006-07-25,69953,
Q66JT0,Mouse,555,2006-09-05,62343,
Q66L42,Mouse,940,2007-02-20,103187,
Q69Z38,Mouse,1735,2006-10-03,191097,
Q69Z98,Mouse,735,2007-01-23,81733,4YNZ;4YOM;
Q69ZA1,Mouse,1511,2005-04-26,164553,
Q69ZM6,Mouse,1316,2006-03-21,144180,
Q6AWJ9,Fruit fly,1033,2009-11-03,114267,6S9F;
Q6DT37,Human,1551,2005-11-08,172459,
Q6IQ55,Human,1244,2006-05-16,137412,6U0K;6VRF;7O3B;7Q8Y;7Q8Z;7Q90;
Q6J9G0,Human,422,2005-04-26,47577,
Q6P0Q8,Human,1798,2005-03-29,196436,2KQF;2KYL;
Q6P2M8,Human,343,2005-02-01,38500,
Q6P3W7,Human,929,2006-10-17,103709,
Q6P4S6,Mouse,1369,2006-10-03,150659,
Q6P5G0,Mouse,583,2004-09-13,65574,
Q6P5Z2,Human,889,2005-10-25,99421,
Q6P6U0,Rat,517,2011-10-19,58821,
Q6P9R2,Mouse,527,2005-08-16,58214,
Q6PCN3,Mouse,1308,2007-02-20,141613,
Q6PDN3,Mouse,1941,2006-05-02,212925,
Q6PGN3,Mouse,756,2005-02-15,82979,
Q6PHR2,Human,472,2006-09-19,53444,4WZX;6FDY;6FDZ;
Q6PHZ2,Mouse,499,2007-02-20,56369,6BAB;
Q6SA08,Human,328,2005-03-29,37454,
Q6VAB6,Human,950,2004-12-21,107632,2Y4I;5KKR;7JUQ;7JUR;7JUS;7JUT;7JUU;7JUV;7UMB;
Q6VNS1,Mouse,825,2006-11-28,92760,
Q6XUX0,Chicken,930,2006-05-02,105410,
Q6XUX1,Mouse,927,2006-05-02,104901,
Q6XUX2,Rat,927,2006-05-02,104898,
Q6XUX3,Human,929,2006-05-02,105206,
Q6ZMQ8,Human,1374,2006-09-05,144569,
Q6ZN16,Human,1313,2006-10-17,147437,6V0M;
Q6ZQ29,Mouse,1240,2005-10-25,139297,
Q6ZWH5,Human,1172,2006-11-28,133259,
Q75R65,Chicken,1129,2008-03-18,129847,
Q76MJ5,Human,926,2004-08-16,102480,
Q78DX7,Mouse,2340,2007-02-20,261967,
Q78EA7,Rat,532,2006-10-31,59994,
Q7KRY6,Fruit fly,599,2006-01-10,65994,
Q7KZI7,Human,788,2005-04-12,87911,3IEC;5EAK;5KZ7;5KZ8;
Q7L7X3,Human,1001,2005-10-25,116070,
Q7M6U3,Mouse,1450,2006-07-25,162541,
Q7RTN6,Human,431,2006-11-28,48369,1UPK;2WTK;3GNI;
Q7TNJ7,Rat,476,2004-12-07,53179,
Q7TNL3,Mouse,435,2006-10-03,48932,
Q7TPK6,Rat,1222,2004-02-02,132833,
Q7TPS0,Mouse,764,2007-02-20,86571,
Q7TQP6,Rat,835,2005-11-22,92732,
Q7TSE6,Mouse,464,2004-12-21,53772,
Q7TSJ6,Mouse,1042,2004-09-27,115472,2COS;
Q7TT49,Rat,1713,2005-11-08,194888,
Q7TT50,Mouse,1713,2005-11-08,194753,
Q7Z2Y5,Human,1582,2006-10-03,178479,
Q7Z695,Human,626,2007-01-09,68982,
Q7Z7A4,Human,578,2005-12-06,64950,
Q80UE6,Mouse,1222,2004-02-02,132410,
Q80UW5,Mouse,1551,2005-11-08,172147,
Q80X41,Mouse,440,2003-10-10,49741,
Q80XI6,Mouse,850,2007-02-20,93226,
Q80XP9,Mouse,1757,2007-02-20,193991,
Q80Y86,Mouse,549,2006-04-18,60679,
Q80YE4,Mouse,1365,2006-09-05,144607,
Q80YE7,Mouse,1442,2003-11-28,161442,
Q80YP0,Mouse,304,2005-07-05,34075,
Q810W7,Rat,1570,2005-03-01,171028,
Q86SG6,Human,692,2003-08-15,74806,
Q86TB3,Human,2170,2006-11-28,237013,
Q86TW2,Human,530,2006-10-03,60577,
Q86UE8,Human,772,2003-08-22,87661,5O0Y;7LO0;
Q86UX6,Human,486,2006-04-18,54994,
Q86V86,Human,326,2003-11-21,35891,
Q86Y07,Human,508,2003-10-10,58141,2V62;5UU1;6NCG;8Q1Z;
Q86YV5,Human,1406,2006-11-28,149624,5VE6;
Q86Z02,Human,1210,2003-08-29,130843,
Q8AXY6,Chicken,947,2004-07-19,105589,
Q8AYC9,Chicken,476,2005-09-27,53849,
Q8BG48,Mouse,372,2003-11-28,41983,
Q8BI55,Mouse,632,2007-06-26,72561,
Q8BK63,Mouse,337,2004-05-10,38915,
Q8BKG3,Mouse,1062,2006-11-28,117532,
Q8BLF2,Mouse,595,2005-11-22,67739,
Q8BLK9,Mouse,1056,2006-05-02,115712,
Q8BN21,Mouse,503,2003-10-10,58119,
Q8BRK8,Mouse,552,2006-11-28,62022,
Q8BSK8,Mouse,525,2004-10-11,59146,
Q8BTH8,Mouse,459,2004-05-10,52744,
Q8BTW9,Mouse,593,2004-05-10,64623,
Q8BVP5,Mouse,415,2006-01-24,47582,
Q8BW96,Mouse,385,2004-12-07,42919,
Q8BWQ5,Mouse,790,2006-10-03,88228,
Q8BWW9,Mouse,983,2004-11-23,111607,
Q8BX57,Mouse,582,2005-12-06,65231,
Q8BYC6,Mouse,898,2005-10-25,105336,
Q8BYR2,Mouse,1129,2004-09-27,126258,5B6B;6J68;
Q8BZ03,Mouse,875,2006-11-28,96542,
Q8BZN4,Mouse,639,2006-07-25,70675,
Q8C015,Mouse,719,2005-09-27,80948,
Q8C050,Mouse,863,2003-10-24,96583,
Q8C078,Mouse,588,2004-12-07,64618,
Q8C0P0,Mouse,865,2005-07-05,95975,
Q8C0Q4,Mouse,628,2005-09-13,71648,
Q8C0V0,Mouse,766,2003-08-22,86624,
Q8C4X2,Mouse,424,2007-10-02,48938,
Q8CBF3,Mouse,984,2006-11-28,109881,
Q8CDB0,Mouse,459,2003-04-30,51633,
Q8CE90,Mouse,535,2007-01-09,59312,
Q8CEE6,Mouse,1383,2004-01-16,151250,
Q8CFA1,Mouse,622,2007-02-06,69047,
Q8CFE4,Mouse,930,2006-10-17,103317,
Q8CFH6,Mouse,931,2005-02-15,104198,
Q8CIN4,Mouse,524,2004-04-13,57930,
Q8CIP4,Mouse,752,2005-11-08,82644,
Q8CIR4,Mouse,2028,2004-12-07,232888,
Q8IMC6,Fruit fly,1262,2017-03-15,138828,
Q8INB9,Fruit fly,611,2006-01-24,68485,
Q8IR79,Fruit fly,1257,2005-11-22,139304,
Q8IU85,Human,385,2004-12-07,42914,2JC6;6QP5;6T28;6T29;6T6F;8BFM;8BFS;
Q8IV63,Human,474,2003-10-10,52881,2JII;
Q8IVH8,Human,894,2003-03-28,101316,5J5T;
Q8IVT5,Human,923,2004-12-21,102160,5VYK;7JUW;7JUX;7JUY;7JUZ;7JV0;7JV1;
Q8IVW4,Human,592,2005-11-22,67514,3ZDU;
Q8IW41,Human,473,2004-09-13,54220,
Q8IWB6,Human,1497,2006-07-25,167901,3WUT;3WUU;
Q8IWQ3,Human,736,2003-08-29,81633,
Q8IWU2,Human,1503,2006-10-31,164900,
Q8IY84,Human,436,2006-07-25,49606,
Q8IYT8,Human,1036,2005-10-25,112694,6QAT;6QAU;6QAV;6YID;
Q8IZE3,Human,742,2005-03-15,82857,
Q8IZL9,Human,346,2005-12-20,38695,
Q8JH64,Chicken,657,2004-02-16,75879,
Q8K045,Mouse,878,2005-10-25,97881,
Q8K0D0,Mouse,523,2004-06-21,59506,
Q8K1R7,Mouse,984,2003-08-15,107143,5DE2;
Q8K1Y2,Mouse,889,2005-06-21,100078,
Q8K348,Mouse,493,2005-10-25,54700,
Q8K3G5,Mouse,453,2003-10-10,50830,
Q8K3H5,Mouse,1613,2004-04-26,184730,
Q8K4B2,Mouse,609,2004-11-09,68455,
Q8K4K2,Mouse,354,2003-02-01,39023,
Q8K4K4,Mouse,372,2005-12-06,41281,
Q8K4T3,Mouse,418,2005-12-20,46832,
Q8K592,Mouse,568,2006-11-28,61195,
Q8N2I9,Human,435,2006-10-17,49001,5L2Q;
Q8N4C8,Human,1332,2003-03-28,149822,
Q8N568,Human,766,2005-02-15,83606,
Q8N5S9,Human,505,2004-12-07,55735,6CCF;6CD6;
Q8N752,Human,337,2004-05-10,39086,
Q8NB16,Human,471,2006-09-05,54479,2MSV;4M67;4MWI;5KNJ;5KO1;6BWK;6D74;6LK5;6LK6;6O5Z;6UX8;6ZLE;6ZPR;6ZVO;6ZZ1;7JW7;7JXU;7MON;7NM2;7NM4;7NM5;
Q8NCB2,Human,501,2006-09-19,54354,
Q8NE63,Human,616,2006-04-04,69425,
Q8NER5,Human,493,2005-10-25,54871,
Q8NEV1,Human,391,2013-05-01,45220,
Q8NEV4,Human,1616,2004-04-26,186208,6JLE;
Q8NFD2,Human,765,2006-01-24,84632,
Q8NG66,Human,645,2005-09-13,74192,
Q8NI60,Human,647,2003-01-27,71950,4PED;5I35;7UDP;7UDQ;
Q8QFP8,Chicken,662,2005-11-22,74445,
Q8QHL3,Chicken,1327,2006-09-19,149426,
Q8R3L8,Mouse,464,2007-03-20,53210,
Q8R4K2,Mouse,459,2004-07-19,50872,1WH4;2A9I;
Q8R4U9,Rat,367,2003-02-22,41361,
Q8R4V0,Rat,496,2006-12-12,57171,
Q8T0S6,Fruit fly,669,2003-08-29,75110,6BN1;
Q8TAS1,Human,419,2002-10-19,46546,
Q8TD08,Human,544,2006-04-18,59832,
Q8TD19,Human,979,2003-08-15,107168,3ZKE;3ZKF;
Q8TDC3,Human,778,2003-08-29,85087,
Q8TDR2,Human,534,2003-01-27,58051,
Q8TDX7,Human,302,2003-10-03,34551,2WQM;2WQN;5DE2;6NPY;6S73;6S75;6S76;8EJ4;
Q8TEA7,Human,893,2007-01-23,100679,
Q8TF76,Human,798,2004-03-01,88495,2VUW;2WB8;3DLZ;3E7V;3F2N;3FMD;3IQ7;4OUC;4QTC;5HTB;5HTC;6G34;6G35;6G36;6G37;6G38;6G39;6G3A;6Z56;6Z57;6Z58;6Z59;6Z5A;6Z5B;6Z5C;6Z5D;6Z5E;7AVQ;7OPS;7SQM;
Q8VBY2,Mouse,505,2004-12-07,55838,
Q8VCR8,Mouse,613,2002-10-19,65990,
Q8VCT9,Mouse,570,2002-11-08,63470,
Q8VD65,Mouse,1358,2005-12-06,152599,
Q8VDF3,Mouse,370,2003-11-28,42778,2YA9;2YAA;2YAB;
Q8VEB1,Mouse,590,2004-05-24,67732,
Q8VHF0,Rat,797,2005-11-08,88751,
Q8VHJ5,Mouse,795,2005-04-12,88335,
Q8WTQ7,Human,553,2002-05-27,62212,
Q8WU08,Human,396,2006-04-18,46369,4FR4;
Q8WXR4,Human,1341,2004-04-26,151829,
Q90669,Chicken,513,2006-12-12,58092,
Q90670,Chicken,512,2006-12-12,57776,
Q90999,Chicken,557,2008-12-16,63308,1KS6;
Q90ZK6,Chicken,504,2006-10-17,56225,
Q91009,Chicken,778,1998-07-15,87339,
Q91044,Chicken,827,1998-07-15,93181,4PBV;4PBW;
Q91987,Chicken,818,1998-07-15,91737,
Q91VB2,Mouse,477,2004-12-07,53296,
Q91VJ4,Mouse,465,2004-12-21,54174,
Q91XS8,Rat,371,2003-11-28,42133,
Q91Y86,Mouse,384,2002-08-30,44229,
Q91YA2,Mouse,424,2005-12-06,48095,
Q91YS8,Mouse,374,2003-01-10,41624,
Q91Z96,Mouse,1138,2003-08-22,126185,
Q91ZN7,Rat,476,2005-09-27,54428,
Q91ZR4,Mouse,698,2003-08-15,75265,
Q91ZT1,Rat,1363,2005-12-20,153317,
Q922K9,Mouse,512,2006-11-28,58844,2D8J;2DLY;
Q922Q2,Mouse,567,2008-01-15,64910,
Q922R0,Mouse,355,2004-01-16,40467,
Q922Y0,Mouse,586,2007-06-26,65572,
Q923J1,Mouse,1863,2004-12-07,212399,1IA9;1IAH;1IAJ;5ZX5;6BWD;6BWF;8SI2;8SI3;8SI4;8SI5;8SI6;8SI7;8SI8;8SIA;8SIB;
Q923T9,Mouse,529,2002-04-16,59607,
Q924C5,Mouse,1680,2007-06-26,180115,
Q924I2,Rat,873,2003-03-28,98679,
Q924U5,Rat,570,2002-11-08,63559,
Q924X7,Mouse,491,2007-02-20,54459,
Q92519,Human,343,2005-12-06,38801,7UPM;
Q925B3,Rat,1862,2008-11-25,212376,3E7K;
Q925K9,Mouse,273,2006-03-21,30287,8IYJ;
Q92630,Human,601,2001-04-27,66652,3K2L;3KVW;4AZF;5LXC;5LXD;5ZTN;6HDP;6HDR;6K0J;7AKF;7AKH;7DG4;7DH3;7DH9;7DHC;7DHH;7DHK;7DHN;7DHO;7DHV;7DJO;7DL6;
Q92772,Human,493,2005-11-22,56019,4AAA;4BBM;
Q92918,Human,833,2003-03-28,91296,6CQD;6CQE;6CQF;6NFY;6NFZ;6NG0;7KAC;7L24;7L25;7L26;7M0K;7M0L;7M0M;7R9L;7R9N;7R9P;7R9T;7SIU;8CDW;8CIJ;8FH4;8FJZ;8FKO;
Q95RR8,Fruit fly,790,2014-04-16,85391,4BWP;
Q95UN8,Fruit fly,1161,2005-07-19,128961,
Q96BR1,Human,496,2003-02-22,57108,6EDX;
Q96C45,Human,1275,2006-11-28,142442,6TSZ;6U5L;
Q96D53,Human,544,2007-01-09,60069,
Q96GD4,Human,344,2003-01-17,39311,4AF3;
Q96GX5,Human,879,2005-07-05,97319,5LOH;
Q96J92,Human,1243,2004-02-02,134739,2V3S;4CH9;4CHB;
Q96KB5,Human,322,2005-02-01,36085,5J0A;
Q96KG9,Human,808,2006-09-19,89631,
Q96L34,Human,752,2003-02-28,82520,5ES1;
Q96L96,Human,1705,2006-11-28,180672,
Q96NX5,Human,476,2004-12-07,53087,2JAM;
Q96PF2,Human,358,2003-04-30,40939,
Q96PN8,Human,268,2003-04-30,30102,
Q96PY6,Human,1258,2002-08-13,142828,4APC;4B9D;
Q96Q04,Human,1460,2006-10-31,153661,6SEQ;
Q96Q40,Human,435,2002-10-19,49023,
Q96QP1,Human,1244,2006-11-28,138861,5Z2C;
Q96QS6,Human,385,2005-12-06,43027,
Q96QT4,Human,1865,2004-12-07,212697,
Q96RG2,Human,1323,2004-01-16,142929,1LL8;3DLS;
Q96RR4,Human,588,2004-12-07,64746,2ZV2;5UY6;5UYJ;5VT1;5YV8;5YV9;5YVA;5YVB;5YVC;6BKU;6BLE;6BQL;6BQP;6BQQ;6BRC;6CMJ;6EF5;6EWW;6FEL;6Y3O;6Y4K;6Y6B;6Y8A;
Q96RU7,Human,358,2003-02-01,39578,
Q96RU8,Human,372,2005-12-06,41009,5CEK;5CEM;5IGO;5IGQ;6DC0;
Q96S38,Human,1066,2006-05-02,118682,
Q96S44,Human,253,2002-12-06,28160,6WQX;7SZA;7SZB;7SZC;7SZD;
Q96S53,Human,571,2002-11-08,63639,
Q96SB4,Human,655,2005-06-21,74325,1WAK;1WBP;3BEG;4WUA;5MXX;5MY8;5NNG;5XV7;6FAD;7DD1;7PQS;7ZKS;
Q98949,Chicken,873,2008-09-02,96402,
Q99558,Human,947,2001-06-01,104042,4DN5;4G3D;4IDT;4IDV;6WPP;6Z1Q;6Z1T;
Q99570,Human,1358,2005-12-06,153103,7BL1;8SOR;8SRQ;
Q99640,Human,499,2004-11-23,54521,3P1A;5VCV;5VCW;5VCX;5VCY;5VCZ;5VD0;5VD1;5VD3;8D6C;8D6D;8D6E;8D6F;
Q99683,Human,1374,2000-05-30,154537,2CLQ;3VW6;4BF2;4BHN;4BIB;4BIC;4BID;4BIE;5ULM;5UOR;5UOX;5UP3;5V19;5V24;5VIL;5VIO;6E2M;6E2N;6E2O;6EJL;6OYT;6OYW;6VRE;6XIH;7MU7;
Q99759,Human,626,1997-11-01,70898,2C60;2JRH;2O2V;2PPH;4Y5O;4YL6;
Q99986,Human,396,2003-10-10,45476,2KTY;2KUL;2LAV;2RSV;3OP5;5UKF;5UVF;6AC9;6BP0;6BRU;6BTW;6BU6;6CFM;6CMM;6CNX;6CQH;6CSW;6DD4;6NPN;6VXU;6VZH;7M10;7TAN;8F8Y;
Q99J45,Mouse,535,2006-01-10,59866,
Q99J82,Rat,452,2006-10-31,51373,
Q99J95,Mouse,372,2005-02-01,42762,
Q99JT2,Mouse,416,2005-08-16,46614,
Q99KH8,Mouse,431,2005-02-15,47954,
Q99KY4,Mouse,1305,2001-08-29,143641,
Q99MK8,Mouse,689,2004-05-24,79639,
Q99ML2,Mouse,666,2005-02-15,73099,
Q99MQ3,Mouse,580,2004-06-07,63181,
Q99N57,Mouse,648,2003-08-15,72917,
Q99PW4,Mouse,244,2002-12-06,27394,
Q9BQI3,Human,630,2001-07-11,71106,
Q9BRS2,Human,568,2004-12-07,65583,4OTP;6G5I;6V0N;6ZV6;6ZXD;6ZXE;6ZXF;6ZXG;6ZXH;7BOC;
Q9BUB5,Human,465,2003-04-30,51342,2HW6;2Y9Q;5WVD;
Q9BVS4,Human,552,2004-12-07,63283,5DHF;6FDM;6FDN;6FDO;6G18;6G51;6HK6;7VBT;7WU0;
Q9BWU1,Human,502,2005-02-01,56802,
Q9BX84,Human,2022,2004-12-07,231708,
Q9BXA6,Human,273,2006-03-21,30331,
Q9BXA7,Human,367,2003-04-30,41618,
Q9BXM7,Human,581,2004-06-07,62769,
Q9BXU1,Human,1019,2001-11-16,115694,
Q9BYP7,Human,1800,2004-02-02,198416,5NKP;5O1V;5O21;5O23;5O26;5O2B;5O2C;8EDH;
Q9BYT3,Human,514,2006-04-18,57831,
Q9BZL6,Human,878,2002-03-27,96722,2COA;3BGM;4NNX;4NNY;
Q9C098,Human,648,2006-10-03,73814,
Q9C0K7,Human,418,2005-12-20,47026,
Q9CQS5,Mouse,547,2004-12-07,62490,
Q9CXB8,Mouse,1231,2006-11-28,136134,
Q9D2E1,Mouse,268,2003-04-30,30209,
Q9D2Y4,Mouse,472,2006-09-05,54317,4BTF;4M68;4M69;
Q9D411,Mouse,328,2005-03-29,37377,
Q9DBQ7,Mouse,735,2005-03-15,81333,
Q9DBU3,Mouse,519,2004-12-07,58704,
Q9DC28,Mouse,415,2004-05-10,47316,4JJR;5X17;
Q9DF58,Chicken,452,2021-02-10,51518,
Q9EQC5,Mouse,806,2006-09-19,89160,
Q9EQY0,Mouse,977,2004-08-16,110185,4PL3;4PL4;4PL5;
Q9ERE3,Mouse,496,2003-02-22,57145,1XTE;1XTN;
Q9ERH7,Mouse,1192,2005-03-15,130081,
Q9ERK0,Mouse,786,2007-01-23,86613,5WNI;5WNJ;5WNK;5WNL;5WNM;
Q9ES70,Mouse,313,2003-10-03,35742,
Q9ES74,Mouse,302,2003-10-03,34537,
Q9ESG9,Mouse,490,2004-11-23,54053,
Q9ESL4,Mouse,802,2005-07-05,91720,
Q9GM70,Rabbit,397,2001-06-20,44463,
Q9H093,Human,628,2006-07-25,69612,
Q9H0K1,Human,926,2005-02-15,103915,
Q9H1R3,Human,596,2002-10-19,64685,2LV6;3KF9;
Q9H2G2,Human,1235,2006-05-02,142695,2J51;2JFL;2JFM;2UV2;4USF;6HVD;8BEM;
Q9H2K8,Human,898,2005-10-25,105406,6BDN;
Q9H2X6,Human,1198,2001-04-27,130966,6P5S;7NCF;
Q9H3Y6,Human,488,2003-01-17,54507,
Q9H422,Human,1215,2005-03-15,133743,7O7I;7O7J;
Q9H4A3,Human,2382,2004-02-02,250794,4PWN;5TF9;5WDY;5WE8;6FBK;
Q9H4B4,Human,646,2001-04-27,71629,4B6L;
Q9H5K3,Human,350,2006-11-28,40050,
Q9H792,Human,1746,2006-10-03,193106,6BHC;8DGM;
Q9HAZ1,Human,481,2003-09-19,57492,6FYV;
Q9HBH9,Human,465,2003-04-30,51875,2AC3;2AC5;2HW7;6CJ5;6CJE;6CJH;6CJW;6CJY;6CK3;6CK6;6CKI;6JLR;
Q9HBY8,Human,367,2003-02-22,41175,
Q9HC98,Human,313,2003-10-03,35714,
Q9HCP0,Human,422,2001-10-18,48511,2CMW;
Q9I7F7,Fruit fly,1337,2003-01-27,147477,
Q9I9E0,Chicken,898,2005-10-25,105459,
Q9IA88,Chicken,798,2005-02-15,88866,
Q9JHU3,Mouse,346,2005-12-20,38379,
Q9JI10,Mouse,497,2004-04-26,56855,
Q9JI11,Mouse,487,2006-07-25,55541,
Q9JIH7,Rat,2126,2004-02-02,225112,2LRU;4Q2A;5DRB;5W7T;6CN9;6OL2;7UOS;
Q9JJ78,Mouse,330,2005-02-01,36745,
Q9JKV2,Mouse,629,2004-06-07,70592,
Q9JLM8,Mouse,756,2002-01-23,84153,
Q9JLS3,Rat,1235,2005-10-25,138751,1U5Q;1U5R;2GCD;
Q9JM01,Rat,593,2005-11-22,67553,
Q9JM52,Mouse,1308,2003-03-28,147295,
Q9JMK2,Mouse,416,2001-10-18,47322,
Q9NBK5,Fruit fly,463,2007-03-06,53333,
Q9NI63,Fruit fly,533,2004-11-23,61131,
Q9NIV1,Fruit fly,1162,2001-09-26,131039,
Q9NQU5,Human,681,2002-09-19,74869,2C30;2ODB;4KS7;4KS8;6QDR;6QDS;
Q9NR20,Human,520,2001-04-27,59608,
Q9NRH2,Human,765,2006-03-07,84276,5YKS;
Q9NRM7,Human,1088,2004-09-27,120136,4ZRI;
Q9NRP7,Human,1315,2006-03-21,143995,
Q9NSY1,Human,1161,2003-08-22,129172,4W9W;4W9X;5I3O;5I3R;5IKW;
Q9NWZ3,Human,460,2004-07-19,51530,2NRU;2NRY;2O8Y;2OIB;2OIC;2OID;3MOP;4RMZ;4U97;4U9A;4XS2;4Y73;4YO6;4YP8;4ZTL;4ZTM;4ZTN;5K72;5K75;5K76;5K7G;5K7I;5KX7;5KX8;5T1S;5T1T;5UIQ;5UIR;5UIS;5UIT;5UIU;5W84;5W85;6EG9;6EGA;6EGD;6EGE;6EGF;6F3D;6F3E;6F3G;6F3I;6LXY;6MOM;6N8G;6O8U;6O94;6O95;6O9D;6RFI;6RFJ;6THW;6THX;6THZ;6TI8;6TIA;6UYA;6VQL;7C2V;7C2W;7QG1;7QG2;7QG3;7QG5;8ATL;8ATN;8DKS;
Q9NYL2,Human,800,2005-07-05,91155,5HES;5X5O;6JUT;6JUU;7YAW;7YAZ;
Q9NYV4,Human,1490,2000-12-01,164155,4CXA;4NST;4UN0;5ACB;6B3E;6CKX;6TD3;7NXK;8BU1;8BU2;8BU3;8BU4;8BU5;8BU6;8BU7;8BU9;8BUA;8BUB;8BUC;8BUD;8BUE;8BUF;8BUG;8BUH;8BUI;8BUJ;8BUK;8BUL;8BUM;8BUN;8BUO;8BUP;8BUQ;8BUR;8BUS;8BUT;
Q9NYY3,Human,685,2001-01-11,78237,4I5M;4I5P;4I6B;4I6F;4I6H;4RS6;4XB0;
Q9NZJ5,Human,1116,2001-09-26,125216,4G31;4G34;4M7I;4X7H;4X7J;4X7K;4X7L;4X7N;4X7O;4YZS;5SV7;7MF0;8EQ9;8EQD;8EQE;
Q9P0L2,Human,795,2005-04-12,89003,2HAK;3OSE;6C9D;
Q9P1W9,Human,311,2002-03-27,34190,2IWI;4X7Q;
Q9P286,Human,719,2001-01-24,80745,2F57;
Q9P289,Human,416,2005-08-16,46529,3GGF;3W8I;4FZA;4FZD;4FZF;4GEH;5XY9;5YF4;7B36;
Q9P2K8,Human,1649,2005-03-15,186911,6N3L;6N3N;6N3O;7E2K;7E2M;7QQ6;7QWK;
Q9PUF6,Chicken,1087,2006-09-05,122941,
Q9QVP9,Mouse,1009,2002-01-23,115794,
Q9QY01,Mouse,1037,2005-10-25,112877,
Q9QY78,Rat,757,2001-06-01,86866,
Q9QZ05,Mouse,1648,2005-03-15,186487,1UKX;4OTN;
Q9QZL0,Mouse,486,2002-05-02,53322,4M66;4M69;6JPD;6OKO;
Q9QZR5,Mouse,1196,2001-04-27,130498,
Q9QZS5,Mouse,367,2003-02-22,41359,
Q9R011,Rat,647,2001-04-27,71768,
Q9R012,Rat,682,2001-01-11,77920,
Q9R0A5,Mouse,511,2000-12-01,57464,
Q9R0G8,Mouse,1455,2006-10-03,163647,
Q9R0T8,Mouse,717,2001-06-20,80953,
Q9R117,Mouse,1184,2001-07-11,133315,4E1Z;4E20;
Q9R1L5,Mouse,1570,2005-03-01,170997,
Q9R1U5,Rat,776,2000-12-01,84909,
Q9UBE8,Human,527,2004-07-19,58283,
Q9UBS0,Human,482,2000-12-01,53455,
Q9UEE5,Human,414,2001-06-20,46558,7QUE;7QUF;
Q9UEW8,Human,545,2000-12-01,59474,7O86;
Q9UF33,Human,1036,2006-05-16,116379,
Q9UHD2,Human,729,2005-12-20,83642,4EFO;4EUT;4EUU;4IM0;4IM2;4IM3;4IW0;4IWO;4IWP;4IWQ;5EOA;5EOF;5EP6;5W5V;6BNY;6BOD;6BOE;6CQ0;6CQ4;6CQ5;6NT9;6O8B;6RSR;6RST;6RSU;
Q9UHY1,Human,535,2006-01-10,59845,
Q9UIK4,Human,370,2003-11-28,42898,1WMK;1WRZ;1Z9X;1ZUZ;1ZWS;2A27;2A2A;2CKE;6PAW;7A6R;7A6Y;
Q9UK32,Human,745,2000-12-01,83872,6G76;6G77;6G78;
Q9UKE5,Human,1360,2003-02-28,154943,2X7F;5AX9;5CWZ;5D7A;6RA5;6RA7;7XZQ;7XZR;
Q9UKI8,Human,766,2003-08-22,86700,
Q9UL54,Human,1235,2005-10-25,138251,
Q9UM73,Human,1620,2002-03-27,176442,2KUP;2KUQ;2XB7;2XBA;2XP2;2YFX;2YHV;2YJR;2YJS;2YS5;2YT2;3AOX;3L9P;3LCS;3LCT;4ANL;4ANQ;4ANS;4CCB;4CCU;4CD0;4CLI;4CLJ;4CMO;4CMT;4CMU;4CNH;4CTB;4CTC;4DCE;4FNW;4FNX;4FNY;4FNZ;4FOB;4FOC;4FOD;4JOA;4MKC;4TT7;4Z55;5A9U;5AA8;5AA9;5AAA;5AAB;5AAC;5FTO;5FTQ;5IMX;5IUG;5IUH;5IUI;5KZ0;5VZ5;6AT9;6CDT;6E0R;6EBW;6EDL;6MX8;7BTT;7JY4;7JYR;7JYS;7JYT;7LRZ;7LS0;7MZW;7MZY;7N00;7NWZ;7NX3;7NX4;7R7K;7R7R;8ARJ;
Q9UPE1,Human,567,2001-02-21,62014,
Q9UPZ9,Human,632,2004-06-07,71427,
Q9UQ07,Human,419,2004-01-16,48014,
Q9UQ88,Human,783,2003-09-19,91362,
Q9UQB9,Human,309,2003-01-17,35591,6GR8;6GR9;
Q9UQM7,Human,478,2002-04-16,54088,2VZ6;3SOA;5IG3;6OF8;6VZK;6W4O;6W4P;6X5G;6X5Q;7KL0;7KL1;7KL2;7REC;7UIQ;7UIR;7UIS;7UJP;7UJQ;7UJR;7UJS;7UJT;
Q9V3D5,Fruit fly,722,2004-05-10,79609,
Q9V3I5,Fruit fly,1207,2005-08-30,137045,
Q9V3Q6,Fruit fly,678,2005-06-21,75675,
Q9V3Z1,Fruit fly,484,2018-01-31,54077,
Q9V422,Fruit fly,584,2003-01-27,64938,
Q9V6K3,Fruit fly,724,2003-01-27,81837,7ME4;
Q9V9J3,Fruit fly,517,2003-07-19,59069,
Q9VA38,Fruit fly,1105,2010-05-18,122488,
Q9VBW3,Fruit fly,773,2003-01-27,86220,
Q9VEZ5,Fruit fly,751,2004-06-07,86373,
Q9VI13,Fruit fly,704,2021-06-02,76187,
Q9VKN7,Fruit fly,329,2007-03-20,38301,
Q9VM90,Fruit fly,456,2018-06-20,52419,
Q9VP22,Fruit fly,1157,2009-05-26,128333,
Q9VPC0,Fruit fly,952,2001-11-02,108838,
Q9VT57,Fruit fly,454,2004-02-02,53682,
Q9VWQ2,Fruit fly,483,2015-10-14,55372,
Q9VXE5,Fruit fly,639,2004-11-09,69620,
Q9VZI2,Fruit fly,1073,2020-06-17,118418,
Q9W0V1,Fruit fly,836,2001-10-18,94079,
Q9W133,Fruit fly,518,2019-10-16,59859,
Q9W1B0,Fruit fly,1637,2008-09-02,186724,
Q9W354,Fruit fly,916,2018-06-20,105715,
Q9WTK7,Mouse,436,2006-11-28,49267,
Q9WTL4,Mouse,1300,2002-04-16,144875,
Q9WTQ0,Rat,707,2007-01-09,81750,
Q9WTQ1,Rat,918,2008-05-20,102043,
Q9WTQ6,Rat,349,2003-02-01,38602,
Q9WTR2,Mouse,1291,2007-06-26,143055,
Q9WTU6,Mouse,423,2001-02-21,48189,
Q9WTY9,Rat,366,2001-02-21,42051,
Q9WUA6,Mouse,479,2000-12-01,55714,
Q9WUD9,Rat,536,2000-05-30,59973,
Q9WUI1,Mouse,364,2001-02-21,41397,
Q9WUL6,Mouse,942,2001-06-01,103080,4G3C;4G3E;4G3F;4G3G;5T8O;5T8P;5T8Q;6G4Y;6G4Z;6MYN;7SZR;
Q9WUN2,Mouse,729,2005-12-20,83425,4JL9;4JLC;6O8C;
Q9WUT3,Mouse,733,2000-12-01,83157,
Q9WV60,Mouse,420,2000-12-01,46710,4NU1;5AIR;6AE3;
Q9WVC6,Mouse,431,2001-04-27,48928,
Q9WVL4,Mouse,564,2001-04-27,63837,
Q9WVS4,Mouse,420,2004-01-16,48065,
Q9WVS7,Mouse,448,2005-10-11,50105,1WI0;
Q9WVS8,Mouse,806,2001-02-21,87733,
Q9XT18,Rabbit,431,2001-04-27,48999,
Q9Y243,Human,479,2000-12-01,55775,2X18;
Q9Y2H1,Human,464,2004-12-21,54003,5XQZ;
Q9Y2H9,Human,1570,2005-03-01,170677,2M9X;3PS4;
Q9Y2K2,Human,1321,2006-10-03,144851,
Q9Y2U5,Human,619,2000-05-30,69741,2CU1;2NPT;5EX0;5HQ8;6LDV;6LDW;6LDX;6LDY;
Q9Y3S1,Human,2297,2004-02-02,242676,6ELM;6FBK;
Q9Y463,Human,629,2000-12-01,69198,
Q9Y4K4,Human,846,2003-04-30,95024,
Q9Y572,Human,518,2002-05-02,56887,5V7Z;5ZCK;7DA4;7DAC;7MON;7MX3;
Q9Y5S2,Human,1711,2005-11-08,194315,3QFV;3TKU;4UAK;4UAL;5OTE;5OTF;
Q9Y616,Human,596,2004-11-09,67767,5UKE;6RUU;6ZIW;
Q9Y6E0,Human,443,2001-02-21,49308,3A7F;3A7G;3A7H;3A7I;3A7J;3CKW;3CKX;3ZHP;4O27;4QML;4QMM;4QMN;4QMO;4QMP;4QMQ;4QMS;4QMT;4QMU;4QMV;4QMW;4QMX;4QMY;4QMZ;4QNA;4QO9;4U8Z;4W8D;4W8E;7B30;7B31;7B32;7B33;7B34;7B35;8BZI;8BZJ;
Q9Y6M4,Human,447,2000-05-30,51389,2CHL;2IZR;2IZS;2IZT;2IZU;4G16;4G17;4HGL;4HGS;6GRO;
Q9Y6R4,Human,1608,2000-05-30,181685,
Q9Z0G2,Mouse,565,2002-02-21,62365,
Q9Z0H0,Mouse,564,2001-01-11,62770,
Q9Z0R0,Mouse,754,2004-03-01,84181,
Q9Z138,Mouse,944,2001-04-27,105005,
Q9Z139,Mouse,937,2001-04-27,104088,
Q9Z188,Mouse,629,2000-12-01,69178,
Q9Z1B7,Mouse,366,2001-02-21,42072,
Q9Z1J2,Mouse,792,2003-03-25,88994,
Q9Z1M4,Mouse,485,2000-12-01,53538,
Q9Z1S0,Mouse,1052,2000-05-30,118392,
Q9Z1W9,Mouse,556,2000-12-01,60320,5D9H;5DBX;
Q9Z1Z1,Rat,1108,2001-09-26,124770,
Q9Z265,Mouse,546,2000-05-30,61088,
Q9Z2A0,Mouse,559,2001-10-18,63759,
Q9Z2A6,Rat,547,2006-04-18,60724,
Q9Z2B5,Mouse,1114,2001-09-26,124682,3QD2;4YZY;
Q9Z2B9,Mouse,773,2003-10-24,85652,
Q9Z2E3,Mouse,911,2004-08-16,101262,
Q9Z2P5,Rat,478,2002-05-02,52218,
Q9Z2R9,Mouse,619,2000-05-30,69702,
Q9Z2W1,Mouse,426,2000-12-01,48158,
A2AQW0,Mouse,1331,2007-10-23,149327,
A2KF29,Mouse,484,2007-10-23,54619,
B6A7Q3,Rabbit,468,2010-03-02,52929,
C0HKC8,Mouse,504,2017-03-15,56487,
C0HKC9,Mouse,504,2017-03-15,56487,
E1BTE1,Chicken,565,2011-05-31,63301,
E9PTG8,Rat,967,2011-12-14,111877,
F1NBT0,Chicken,969,2011-12-14,112504,
O35832,Rat,451,1999-07-15,51882,
O43930,Human,277,2004-01-16,31708,
P00539,Rat,339,1986-07-21,37621,
P0C0K7,Rat,1013,2005-09-27,110313,
P0C263,Human,348,2006-11-28,38088,
P0C5K0,Mouse,361,2007-10-23,39117,
P16911,Fruit fly,354,1990-08-01,41468,
P17801,Maize,817,1990-08-01,91120,
P18652,Chicken,752,1990-11-01,84440,
P21868,Chicken,391,1991-05-01,45191,
P21869,Chicken,350,1991-05-01,41246,
P41239,Chicken,450,1995-02-01,50751,
P41242,Mouse,505,1995-02-01,56056,
P41243,Rat,467,1995-02-01,51897,
P49071,Fruit fly,359,1996-02-01,41401,
P49101,Maize,513,1996-02-01,58082,
P53666,Chicken,642,1996-10-01,72468,
P54758,Rat,1035,1996-10-01,116209,
P57058,Human,714,2000-12-01,79686,
P79996,Chicken,382,2003-04-30,44009,
P81123,Rabbit,81,1998-07-15,9405,
P83099,Fruit fly,671,2001-11-02,76333,
P83101,Fruit fly,501,2001-11-02,56237,
P83102,Fruit fly,828,2001-11-02,92740,
Q04899,Mouse,451,1993-10-01,51848,
Q07497,Chicken,1002,1997-11-01,111947,
Q0KHT7,Fruit fly,674,2008-12-16,73001,
Q28616,Rabbit,569,2006-11-28,61099,
Q3U1V8,Mouse,1077,2007-02-20,118805,
Q3U214,Mouse,1321,2007-02-20,144174,
Q3UHL1,Mouse,512,2006-09-19,54819,
Q4FZZ1,Rat,580,2005-12-06,65098,
Q4KM47,Rat,358,2006-11-28,40634,
Q4QQS0,Rat,624,2007-02-06,69237,
Q4V793,Rat,616,2006-04-04,69298,
Q4V8A9,Rat,349,2006-11-28,40054,
Q52WX2,Human,424,2006-05-30,46252,
Q566J8,Mouse,533,2007-01-09,59232,
Q5BJQ0,Rat,649,2007-01-09,72226,
Q5F3W3,Chicken,721,2006-09-05,82747,
Q5M9F8,Rat,807,2006-09-19,89126,
Q5MAI5,Human,379,2005-11-22,43384,
Q5RKH1,Rat,1007,2008-03-18,117007,
Q5ZJH6,Chicken,468,2006-09-19,53065,
Q5ZJS0,Chicken,456,2009-03-03,52194,
Q5ZKN1,Chicken,372,2005-11-22,42803,
Q5ZLL1,Chicken,416,2007-01-23,47471,
Q62662,Rat,506,2006-11-28,58166,
Q6A1A2,Human,396,2008-07-01,44765,
Q6AY19,Rat,528,2007-01-09,58905,
Q6J9G1,Mouse,429,2005-04-26,48121,
Q6NSR3,Mouse,617,2007-01-09,68677,
Q6U1I9,Chicken,432,2009-07-28,48890,
Q6ZS72,Human,473,2007-02-20,50509,8DP5;8DS6;
Q7PLI7,Fruit fly,748,2010-03-23,82971,
Q7TNL4,Rat,435,2006-10-03,48960,
Q7TNZ6,Rat,393,2006-11-28,43553,
Q7TSC3,Mouse,627,2006-11-28,71790,
Q80ZW0,Mouse,539,2007-02-06,59459,
Q811L6,Mouse,2618,2007-07-10,284004,
Q86YV6,Human,388,2006-11-28,44508,2X4F;
Q8BGW6,Mouse,398,2006-04-18,46509,
Q8BPM2,Mouse,847,2003-04-30,95045,
Q8BWD8,Mouse,501,2005-10-11,56570,
Q8BYG9,Mouse,1007,2007-03-20,109100,
Q8BZ25,Mouse,745,2006-01-24,82480,
Q8C1R0,Mouse,372,2007-04-03,42234,
Q8K4K3,Mouse,343,2005-12-06,38773,
Q8N165,Human,341,2006-01-24,38546,
Q8NE28,Human,680,2006-03-21,75677,
Q8VDG6,Mouse,1002,2007-09-11,110112,
Q8VDU5,Mouse,748,2006-03-07,81913,
Q90891,Chicken,398,1997-11-01,44078,
Q91048,Chicken,1051,2000-05-30,116366,
Q91V36,Mouse,499,2006-03-07,57348,
Q91ZB0,Mouse,2144,2007-06-12,233298,
Q96LW2,Human,410,2006-10-03,46191,
Q99JP0,Mouse,894,2003-03-28,101119,
Q99MW1,Mouse,1018,2001-11-16,115018,
Q9D0L4,Mouse,525,2006-10-03,59736,
Q9DB30,Mouse,406,2001-12-05,46572,
Q9NSY0,Human,501,2006-03-07,57803,
Q9NY57,Human,414,2006-04-18,47883,
Q9QUK0,Mouse,568,2005-11-22,64056,
Q9QYK9,Mouse,343,2005-02-01,38519,
Q9QYZ3,Mouse,484,2007-10-23,54698,
Q9QYZ4,Mouse,484,2007-10-23,54794,
Q9QYZ6,Mouse,504,2007-10-23,56787,
Q9Y0Y6,Fruit fly,637,2008-09-23,70508,
Q9Y6S9,Human,549,2006-04-18,60036,
Q9Z335,Rat,417,2006-05-30,45676,
A0AUV4,Mouse,508,2007-10-23,57058,
A1A5Q6,Rat,654,2007-10-23,73847,
B1WBU5,Rat,362,2009-06-16,39773,
E9Q3S4,Mouse,1311,2013-02-06,146412,
O88866,Mouse,714,2000-12-01,79603,
P0C5K1,Mouse,362,2007-10-23,39699,
P0C8M8,Maize,626,2009-01-20,70234,
P10741,Chicken,349,1989-07-01,38263,
P83097,Fruit fly,791,2001-11-02,88520,
P83098,Fruit fly,346,2001-11-02,39895,
P83104,Fruit fly,393,2001-11-02,45239,
Q3MIX3,Human,580,2007-01-09,65828,
Q3TZA2,Mouse,342,2005-11-22,39446,
Q5F349,Chicken,353,2006-11-28,40217,
Q5SUV5,Mouse,386,2006-11-28,43905,
Q5SYL1,Mouse,278,2006-10-03,31682,
Q5XIT0,Rat,507,2005-11-22,57135,
Q5ZK47,Chicken,389,2006-11-28,43397,
Q5ZKI0,Chicken,479,2007-02-20,54203,
Q5ZMT7,Chicken,519,2006-10-03,59201,
Q66HE7,Rat,352,2005-11-22,40899,
Q6P3R8,Human,708,2006-11-28,81445,
Q7T0B1,Chicken,435,2006-10-03,49497,
Q80V03,Mouse,582,2007-01-09,66654,
Q80YS9,Mouse,662,2007-10-23,74843,
Q8BHI9,Mouse,436,2006-07-25,49777,
Q8BM85,Mouse,762,2007-01-23,86371,
Q8C0N0,Mouse,497,2007-10-23,56083,
Q8C0V7,Mouse,499,2007-10-23,55407,
Q8C0X8,Mouse,640,2007-10-23,71931,
Q8CEQ0,Mouse,352,2005-11-22,41024,
Q8QZR7,Mouse,341,2006-01-24,38550,
Q8QZV4,Mouse,488,2006-04-18,55263,
Q8QZX0,Mouse,417,2006-05-30,45696,
Q8R2S1,Mouse,544,2006-04-18,60193,
Q9JJX8,Mouse,414,2006-04-18,47916,
Q9TTK0,Rabbit,566,2005-11-22,64053,
Q5F361,Chicken,893,2007-01-23,100453,
